,player_id,player.name,player.name.GK,possession_team.name,play_pattern.name,shot.statsbomb_xg,shot.first_time,location.x,location.y,DistToGoal,DistToKeeper,AngleToGoal,AngleDeviation,avevelocity,DefendersInCone,InCone.GK,under_pressure,goal,shot.type.name_Free.Kick,shot.type.name_Open.Play,shot.type.name_Penalty,shot.technique.name_Half.Volley,shot.technique.name_Lob,shot.technique.name_Normal,shot.technique.name_Volley,shot.body_part.name_processed_Head,shot.body_part.name_processed_Other,shot.body_part.name_processed_Stronger.Foot,shot.body_part.name_processed_Weaker.Foot
1,1,Dennis Bergkamp,Paul Jones,Arsenal,From Throw In,0.18677612,1,104.4,34.8,1.783789855,1.85737028,1.044745072,0.473546293,-0.057868753,0,1,0,1,0,1,0,1,0,0,0,0,0,1,0
2,1,Dennis Bergkamp,Paul Jones,Arsenal,From Corner,0.011366472,0,91.7,39.9,3.069937209,0.302787489,0.011473681,1.116281248,-0.045748043,2,1,0,0,0,1,0,1,0,0,0,0,0,0,1
3,1,Dennis Bergkamp,Paul Jones,Arsenal,From Goal Kick,0.23466155,0,109.6,50.3,1.587818147,1.642112646,2.534552966,0.328882748,-0.067260362,0,1,1,0,0,1,0,0,0,1,0,0,0,1,0
4,1,Dennis Bergkamp,Carlo Cudicini,Arsenal,From Free Kick,0.07816828,1,99.6,33.5,2.322562381,1.414531062,1.00158131,0.758876253,-0.047028688,1,1,0,0,0,1,0,0,0,1,0,0,0,1,0
5,1,Dennis Bergkamp,Edwin van der Sar,Arsenal,From Throw In,0.049654372,0,97.3,32.7,2.586640871,0.561014617,1.010294743,0.386402618,-0.038549442,0,1,0,0,0,1,0,1,0,0,0,0,0,1,0
6,1,Dennis Bergkamp,Edwin van der Sar,Arsenal,Regular Play,0.16146144,1,103.7,42.4,1.787249848,0.290032765,0.474684824,1.091541048,-0.053259885,0,1,0,0,0,1,0,0,0,1,0,0,0,1,0
7,1,Dennis Bergkamp,Edwin van der Sar,Arsenal,Regular Play,0.10973931,0,111.3,51.8,1.590335909,1.057859306,3.037566543,0.039876412,-0.032459575,0,1,0,0,0,1,0,0,0,1,0,0,0,1,0
8,1,Dennis Bergkamp,Edwin van der Sar,Arsenal,Regular Play,0.10463004,1,106,45.1,1.616317274,0.313522511,1.134344085,1.447075647,-0.048403092,1,1,0,0,0,1,0,0,0,0,1,0,0,1,0
9,1,Dennis Bergkamp,David James,Arsenal,From Free Kick,0.077609465,0,100.6,40.1,2.104494744,0.660089041,0.016737302,1.26864173,-0.068625645,0,2,1,0,0,1,0,0,0,1,0,0,0,1,0
10,1,Dennis Bergkamp,Roy Carroll,Arsenal,Regular Play,0.013829867,0,101.3,19.3,3.026079812,0.606354857,2.71492345,0.537171246,-0.018931419,1,2,0,0,0,1,0,0,0,1,0,0,0,1,0
11,1,Dennis Bergkamp,Ian Walker,Arsenal,From Free Kick,0.054044664,0,103.5,48.5,2.013422692,0.223815415,1.544613455,1.995624447,0.222446626,1,2,0,0,0,1,0,0,0,1,0,0,0,1,0
12,1,Dennis Bergkamp,Ian Walker,Arsenal,From Free Kick,0.083505765,1,99.9,44,2.22315714,0.223815415,0.637849041,0.216664451,-0.063205423,1,2,0,0,0,1,0,0,0,1,0,0,0,1,0
13,1,Dennis Bergkamp,Neil Sullivan,Arsenal,From Free Kick,0.08652462,0,99.1,74.6,4.384927177,1.394341667,3.336057519,2.070880161,-0.063775949,0,1,0,0,0,1,0,0,1,0,0,0,0,1,0
14,1,Dennis Bergkamp,Jussi Jaaskelainen,Arsenal,From Throw In,0.21116275,1,99.9,47.7,2.334917262,2.158616634,1.187905121,0.24201387,-0.064334341,0,1,0,0,0,1,0,0,0,1,0,0,0,1,0
15,1,Dennis Bergkamp,Shaka Hislop,Arsenal,From Counter,0.059171405,1,105.4,46.6,1.738081744,0.737841879,1.378578541,1.12370136,-0.073077903,1,1,0,0,0,1,0,1,0,0,0,0,0,0,1
16,1,Dennis Bergkamp,Shaka Hislop,Arsenal,Regular Play,0.18028641,0,116.3,31,1.055583041,2.256867963,3.833966726,0.081896595,-0.0781906,0,1,1,0,0,1,0,0,0,1,0,0,0,1,0
17,1,Dennis Bergkamp,Shaka Hislop,Arsenal,From Goal Kick,0.17819732,0,111.6,29.2,1.484202874,0.806977955,2.954027942,0.115002995,-0.03717178,0,1,0,0,0,1,0,1,0,0,0,0,0,0,1
18,1,Dennis Bergkamp,Antti Mikko Niemi,Arsenal,From Corner,0.11373226,0,116.7,47.6,0.898794936,0.453921033,3.770330622,5.923406077,-0.079604682,0,1,0,0,0,1,0,0,0,1,0,1,0,0,0
19,1,Dennis Bergkamp,Paul Robinson,Arsenal,Regular Play,0.14835924,0,100.7,43.1,2.120454045,1.471193512,0.517132318,0.079236825,-0.056823808,1,1,0,0,0,1,0,0,0,1,0,0,0,1,0
20,1,Dennis Bergkamp,Paul Robinson,Arsenal,From Throw In,0.018269606,0,102.5,59.1,2.810095129,1.3817445,2.69209704,0.999754231,-0.044726838,0,1,0,0,0,1,0,0,0,1,0,0,0,1,0
21,1,Dennis Bergkamp,Brad Friedel,Arsenal,Regular Play,0.22693571,0,111.5,47.4,1.222529377,1.170674237,2.325956775,0.878893438,-0.06668366,1,1,1,1,0,1,0,0,0,1,0,0,0,1,0
22,1,Dennis Bergkamp,Brad Friedel,Arsenal,From Throw In,0.016535418,0,88.6,39,3.407925732,0.28344025,0.103374785,2.366197883,-0.045684835,2,2,0,0,0,1,0,0,0,1,0,0,0,1,0
23,1,Dennis Bergkamp,Jussi Jaaskelainen,Arsenal,Regular Play,0.48371932,1,112.8,43.8,0.883144149,0.374009744,1.576846665,1.722417615,-0.078539175,0,1,0,1,0,1,0,1,0,0,0,0,0,1,0
24,1,Dennis Bergkamp,Jussi Jaaskelainen,Arsenal,From Free Kick,0.029919766,0,105.4,53.5,2.157069659,0.504229441,2.423194699,0.446844172,-0.047284484,2,2,0,0,0,1,0,0,0,1,0,0,0,1,0
25,1,Dennis Bergkamp,Maik Taylor,Arsenal,From Free Kick,0.057945207,1,100.8,43.3,2.113310939,0.302787489,0.552689242,0.65642305,-0.044228479,0,1,0,0,0,1,0,1,0,0,0,0,0,1,0
26,1,Dennis Bergkamp,Maik Taylor,Arsenal,From Counter,0.42512512,0,104.1,44.3,1.786755974,3.9376778,0.857621802,0.119853084,-0.076284004,0,1,0,1,0,1,0,0,1,0,0,0,0,1,0
27,1,Dennis Bergkamp,Jerzy Dudek,Arsenal,From Free Kick,0.033679344,0,91.5,34.5,3.148656619,0.556786865,0.619016983,0.797450931,-0.017963733,1,1,0,0,0,1,0,0,0,1,0,0,0,1,0
28,1,Dennis Bergkamp,Jerzy Dudek,Arsenal,Regular Play,0.047206126,0,107.7,28.8,1.80454812,0.537790063,2.398359718,0.77219289,-0.066973331,0,1,0,0,0,1,0,0,0,0,1,0,0,1,0
29,1,Dennis Bergkamp,Paul Robinson,Arsenal,Regular Play,0.018011613,0,110.4,58.2,2.232110923,0.605574979,3.524406961,0.177752023,-0.05206026,1,2,1,0,0,1,0,1,0,0,0,0,0,1,0
30,1,Dennis Bergkamp,Ian Bennett,Arsenal,From Throw In,0.017185526,0,103.8,55.9,2.462347518,0.618699224,2.519893629,0.826853255,-0.052454796,1,2,0,0,0,1,0,0,0,1,0,0,0,1,0
31,1,Dennis Bergkamp,Ian Bennett,Arsenal,From Free Kick,0.08153632,1,107.8,45.7,1.460747584,0.404366446,1.419213651,0.752801404,-0.079138198,0,1,0,0,0,1,0,0,0,0,1,0,0,1,0
32,1,Dennis Bergkamp,Ian Bennett,Arsenal,From Corner,0.011425021,0,90.1,54,3.581422742,0.370199699,1.421916008,0.938973633,-0.040657242,4,2,0,0,0,1,0,0,0,1,0,0,0,1,0
33,1,Dennis Bergkamp,Michael Oakes,Arsenal,Regular Play,0.030258251,0,100.5,25.3,2.649032682,0.32097064,2.097468175,0.938270942,-0.063772896,1,1,0,0,0,1,0,0,0,1,0,0,0,1,0
34,1,Dennis Bergkamp,Michael Oakes,Arsenal,From Counter,0.09502931,0,111.1,28.9,1.543359346,1.756684028,2.905986092,0.271020638,-0.036647117,1,2,0,0,0,1,0,0,0,1,0,0,0,1,0
35,1,Dennis Bergkamp,Michael Oakes,Arsenal,Regular Play,0.06961256,0,101.6,39,1.998934706,0.247861309,0.176297503,0.472837593,-0.070971818,1,2,0,0,0,1,0,0,0,1,0,0,0,1,0
36,1,Dennis Bergkamp,Michael Oakes,Arsenal,From Free Kick,0.052453496,1,108.1,52.6,1.880046639,1.281303372,2.642987213,0.605467193,-0.051930563,1,2,0,0,0,1,0,0,0,1,0,0,0,1,0
37,1,Dennis Bergkamp,Dean Kiely,Arsenal,Regular Play,0.013291143,0,92.6,50,3.164053929,0.917164134,1.136286645,0.299329524,-0.050839654,2,3,0,0,0,1,0,0,0,1,0,0,0,1,0
38,1,Dennis Bergkamp,Tim Howard,Arsenal,Regular Play,0.03262175,1,98.1,32.5,2.511111609,0.52624244,1.071359765,0.563326651,-0.074712942,1,1,0,0,0,1,0,1,0,0,0,0,0,1,0
39,1,Dennis Bergkamp,Dean Kiely,Arsenal,Regular Play,0.077926315,0,103.7,50.2,2.085848163,0.469277811,1.815598475,0.019838867,-0.074863445,1,1,0,0,0,1,0,0,0,1,0,0,0,1,0
40,1,Dennis Bergkamp,Dean Kiely,Arsenal,Regular Play,0.038181163,0,100.8,26.4,2.552339176,0.428206174,2.001156421,0.659362776,-0.035147169,1,2,1,0,0,1,0,0,0,1,0,0,0,1,0
41,1,Dennis Bergkamp,Dean Kiely,Arsenal,From Corner,0.01843161,1,100.2,40,2.147857854,0.461151174,0,1.703176748,-0.061593557,4,2,0,0,0,1,0,0,0,0,1,0,0,1,0
42,1,Dennis Bergkamp,Dean Kiely,Arsenal,From Corner,0.016069802,0,93.9,41.2,2.834258078,0.461151174,0.149185299,1.824780066,-0.057141004,3,3,0,0,0,1,0,0,0,1,0,0,0,1,0
43,2,Thierry Henry,Paul Jones,Arsenal,From Throw In,0.031963106,0,107.2,18.1,2.751678867,0.839694819,3.383021821,0.302836423,-0.044920323,1,1,0,0,0,1,0,0,0,1,0,0,0,1,0
44,2,Thierry Henry,Paul Jones,Arsenal,Regular Play,0.36041838,1,106.5,49.2,1.772174555,3.718428026,1.942358793,0.081587387,-0.082148427,0,1,1,1,0,1,0,0,0,1,0,0,0,1,0
45,2,Thierry Henry,Paul Jones,Arsenal,Regular Play,0.019422866,0,94.5,28.8,3.021234548,0.5668805,1.343796642,0.780195701,-0.038736602,1,2,0,0,0,1,0,0,0,1,0,0,0,1,0
46,2,Thierry Henry,Kasey Keller,Arsenal,Regular Play,0.115363106,0,98.4,44.7,2.39794544,1.986937916,0.695693101,0.197298212,-0.047374133,0,1,0,0,0,1,0,0,0,1,0,0,0,0,1
47,2,Thierry Henry,Kasey Keller,Arsenal,From Free Kick,0.013027268,0,95.7,23.6,3.180172325,0.743583926,1.927714453,1.212128363,-0.033807418,1,2,0,0,0,1,0,0,0,1,0,0,0,1,0
48,2,Thierry Henry,Kasey Keller,Arsenal,From Throw In,0.33621103,0,108.1,46.8,1.486777382,2.545584185,1.685701351,0.341920745,-0.051385127,0,1,0,0,0,1,0,0,0,1,0,0,0,1,0
49,2,Thierry Henry,Kasey Keller,Arsenal,From Free Kick,0.021714319,0,93.9,27.7,3.129914449,1.227428543,1.42999454,0.146201604,-0.003136606,2,2,0,0,0,1,0,0,0,1,0,0,0,1,0
50,2,Thierry Henry,Kasey Keller,Arsenal,From Free Kick,0.13790265,1,109.8,31.2,1.46135164,1.281303372,2.311413304,0.875738376,-0.066689467,1,1,0,0,0,1,0,0,0,1,0,0,0,1,0
51,2,Thierry Henry,Carlo Cudicini,Arsenal,Regular Play,0.059341166,0,108.5,33.5,1.432973178,1.050687296,1.670457025,1.846294258,-0.077498857,1,2,0,0,0,1,0,0,0,1,0,0,0,1,0
52,2,Thierry Henry,Carlo Cudicini,Arsenal,From Throw In,0.05302447,0,107.8,38.7,1.330919771,0.427101124,0.34469807,3.040777129,-0.061570525,0,1,0,0,0,1,0,0,0,1,0,1,0,0,0
53,2,Thierry Henry,Carlo Cudicini,Arsenal,Regular Play,0.24950899,0,111.1,43.2,1.025960211,1.85737028,1.12074944,0.215629066,-0.078272193,1,1,0,0,0,1,0,0,0,1,0,0,0,1,0
54,2,Thierry Henry,Carlo Cudicini,Arsenal,From Free Kick,0.80951947,0,110.6,40.6,1.021765213,4.069758904,0.2069787,0.031416293,-0.08359866,0,0,0,1,0,1,0,0,0,1,0,0,1,0,0
55,2,Thierry Henry,Carlo Cudicini,Arsenal,From Goal Kick,0.03316599,0,110.9,33.6,1.206835401,0.291657611,1.990240289,0.770688235,-0.074763294,1,2,1,0,0,1,0,0,0,1,0,1,0,0,0
56,2,Thierry Henry,Thomas Sorensen,Arsenal,Regular Play,0.09682565,0,110.4,51.8,1.650144678,0.976557102,2.882881036,0.505910469,-0.043141709,1,1,1,0,0,1,0,0,0,1,0,0,0,1,0
57,2,Thierry Henry,Thomas Sorensen,Arsenal,From Free Kick,0.023477051,0,104.6,23.4,2.456294723,0.886775576,2.671947071,0.423247621,-0.056471452,1,2,0,0,0,1,0,1,0,0,0,0,0,0,1
58,2,Thierry Henry,Thomas Sorensen,Arsenal,From Goal Kick,0.03707128,0,100.7,29.7,2.373108629,0.99335003,1.591796551,0.29039931,-0.043256463,0,2,1,0,0,1,0,0,0,1,0,0,0,1,0
59,2,Thierry Henry,Thomas Sorensen,Arsenal,From Keeper,0.04555448,0,98.5,52.1,2.676256448,0.646343215,1.664479004,1.230803536,-0.058983754,1,1,0,0,0,1,0,0,0,1,0,0,0,0,1
60,2,Thierry Henry,Mark Schwarzer,Arsenal,From Free Kick,0.14639963,0,106.1,27.9,1.999111303,1.008458882,2.325800433,0.526231791,-0.047368833,0,1,0,0,0,1,0,0,0,1,0,0,0,1,0
61,2,Thierry Henry,Mark Schwarzer,Arsenal,Regular Play,0.016273933,0,93.2,23,3.442760631,0.59136133,1.835498633,2.784837335,-0.059841227,1,1,0,0,0,1,0,0,0,1,0,0,0,1,0
62,2,Thierry Henry,Mark Schwarzer,Arsenal,Regular Play,0.020778637,0,96.1,32.6,2.714045385,0.247861309,0.974970591,1.123848768,-0.010780708,1,2,0,0,0,1,0,1,0,0,0,0,0,0,1
63,2,Thierry Henry,Mark Schwarzer,Arsenal,Regular Play,0.02107927,0,108.6,50.1,1.652175802,0.929448129,2.354143712,0.65801292,-0.081033446,0,2,1,0,0,1,0,0,0,1,0,1,0,0,0
64,2,Thierry Henry,Edwin van der Sar,Arsenal,Regular Play,0.04262787,0,100.7,20.8,2.953163843,2.842394254,2.541805233,0.277064055,-0.048423963,0,1,0,0,0,1,0,0,0,1,0,0,0,1,0
65,2,Thierry Henry,Edwin van der Sar,Arsenal,Regular Play,0.16416815,1,103.4,38.7,1.806242777,0.725570567,0.253770307,1.473895105,-0.048825793,0,1,0,0,0,1,0,0,0,1,0,0,0,1,0
66,2,Thierry Henry,Edwin van der Sar,Arsenal,Regular Play,0.014147292,0,96.3,26.7,2.948079002,0.399664351,1.660507831,0.308599045,-0.036013185,0,2,0,0,0,1,0,0,0,1,0,0,0,1,0
67,2,Thierry Henry,Edwin van der Sar,Arsenal,From Free Kick,0.17735319,0,108.3,34.2,1.416578813,0.380275,1.494374035,0.569694574,-0.071243088,0,1,1,0,0,1,0,1,0,0,0,0,0,1,0
68,2,Thierry Henry,Edwin van der Sar,Arsenal,From Corner,0.17158334,0,115.9,41.9,0.490194252,0.290032765,1.409074943,2.627023685,-0.08032645,2,1,1,0,0,1,0,0,0,1,0,1,0,0,0
69,2,Thierry Henry,Edwin van der Sar,Arsenal,Regular Play,0.0724678,0,104.8,27.1,2.162626879,0.347821997,2.285056263,0.216154801,-0.059299971,1,1,0,0,0,1,0,0,0,1,0,0,0,1,0
70,2,Thierry Henry,Edwin van der Sar,Arsenal,Regular Play,0.029236661,1,93,38.7,2.932290057,0.313522511,0.156219539,0.39511665,-0.049768465,1,1,0,0,0,1,0,0,0,1,0,0,0,1,0
71,2,Thierry Henry,Edwin van der Sar,Arsenal,From Throw In,0.03885754,0,102.8,32.6,2.031170132,0.633791667,1.319264169,1.27621702,-0.090875724,1,2,1,0,0,1,0,1,0,0,0,0,0,1,0
72,2,Thierry Henry,Kasey Keller,Arsenal,From Free Kick,0.01825377,0,88.1,47.8,3.562380897,0.291657611,0.778674978,0.216877978,-0.03784094,0,1,0,0,0,1,0,0,0,1,0,0,0,1,0
73,2,Thierry Henry,Kasey Keller,Arsenal,Regular Play,0.062478572,0,109.9,26.1,1.863859767,0.646343215,3.060125092,0.492277219,-0.03229853,1,1,0,0,0,1,0,0,0,1,0,0,0,1,0
74,2,Thierry Henry,Kasey Keller,Arsenal,From Throw In,0.021549962,0,97.6,46.6,2.533180049,0.504229441,0.930397109,0.977070876,-0.048117603,2,3,0,0,0,1,0,0,0,1,0,0,0,1,0
75,2,Thierry Henry,Kasey Keller,Arsenal,Regular Play,0.48423856,0,112.4,46.1,1.057142578,1.968538841,2.196131549,0.004241558,-0.036176852,0,1,0,0,0,1,0,0,0,1,0,0,0,0,1
76,2,Thierry Henry,Kasey Keller,Arsenal,From Free Kick,0.020514661,1,92.7,50.1,3.157613347,0.431504345,1.150590131,0.749132426,-0.023752623,1,1,0,0,0,1,0,0,0,1,0,0,0,1,0
77,2,Thierry Henry,David James,Arsenal,From Throw In,0.4160687,1,113.5,45.3,0.909790773,3.177893385,2.221160433,1.779328228,-0.077650362,0,1,0,0,0,1,0,0,0,1,0,0,0,0,1
78,2,Thierry Henry,David James,Arsenal,From Throw In,0.022629596,0,92.2,39.5,3.016166929,1.200568603,0.05839416,0.088013181,-0.054253604,1,2,0,0,0,1,0,0,0,1,0,0,0,0,1
79,2,Thierry Henry,David James,Arsenal,Regular Play,0.31695434,1,110.6,40.1,1.019747791,1.814121804,0.034541945,0.016699926,-0.044826072,1,1,0,0,0,1,0,0,0,1,0,0,0,1,0
80,2,Thierry Henry,David James,Arsenal,From Throw In,0.016802229,0,98.9,23,2.939344526,0.648532978,2.202156923,0.343148471,-0.050367509,1,2,1,1,0,1,0,0,0,1,0,0,0,1,0
81,2,Thierry Henry,Roy Carroll,Arsenal,Regular Play,0.025816444,1,100.2,27.2,2.557589677,0.992398089,1.863444993,0.771075728,-0.022013177,2,2,0,0,0,1,0,0,0,1,0,0,0,1,0
82,2,Thierry Henry,Roy Carroll,Arsenal,Regular Play,0.033653863,0,102.6,35.8,1.941719981,0.743583926,0.769063401,0.747166216,-0.073663735,1,1,0,0,0,1,0,0,0,1,0,1,0,0,0
83,2,Thierry Henry,Roy Carroll,Arsenal,Regular Play,0.021567002,0,88.4,47.4,3.520631019,1.327674084,0.746929235,0.363332559,-0.040462301,1,1,0,1,0,1,0,0,0,1,0,0,0,1,0
84,2,Thierry Henry,Roy Carroll,Arsenal,From Corner,0.015859466,0,89.9,29.2,3.468996465,0.769199913,1.118602265,0.80597757,-0.046100324,2,1,0,0,0,1,0,0,0,1,0,0,0,1,0
85,2,Thierry Henry,Roy Carroll,Arsenal,Regular Play,0.06536072,0,104.9,29.1,2.020190911,0.787415536,2.030205528,0.716768014,-0.059813,0,2,1,0,0,1,0,0,0,1,0,0,0,0,1
86,2,Thierry Henry,Roy Carroll,Arsenal,Regular Play,0.23742968,0,111.7,45.9,1.104662787,3.274425914,2.006577226,0.938032039,-0.080771698,1,1,0,0,0,1,0,0,0,1,0,1,0,0,0
87,2,Thierry Henry,Jerzy Dudek,Arsenal,From Free Kick,0.03000872,0,93.9,49.9,3.028101242,0.748650996,1.177204825,0.073598812,-0.043459097,1,1,0,0,0,1,0,0,0,1,0,0,0,0,1
88,2,Thierry Henry,Jerzy Dudek,Arsenal,From Free Kick,0.08391718,0,95.1,40.4,2.701442468,1.521100001,0.052157206,0.605879371,-0.052006026,1,2,0,0,0,1,0,0,0,1,0,0,0,1,0
89,2,Thierry Henry,Ian Walker,Arsenal,From Throw In,0.011760994,0,87.2,31.6,3.672894337,0.276690705,0.814069345,0.66356091,-0.046412415,2,2,0,0,0,1,0,0,0,1,0,0,0,1,0
90,2,Thierry Henry,Ian Walker,Arsenal,Regular Play,0.034550298,0,98.6,51.7,2.645721209,0.525343648,1.624598993,0.374665754,-0.044634697,1,1,0,0,0,1,0,0,0,1,0,0,0,1,0
91,2,Thierry Henry,Ian Walker,Arsenal,From Throw In,0.039256465,0,97.8,30,2.641247477,0.491894586,1.374250454,1.120173468,-0.043659325,1,1,0,0,0,1,0,0,0,1,0,0,0,1,0
92,2,Thierry Henry,Ian Walker,Arsenal,From Free Kick,0.030913258,0,98.1,34.2,2.457563934,0.523541435,0.840653506,2.984023485,-0.05700412,1,2,0,0,0,1,0,0,0,1,0,0,0,1,0
93,2,Thierry Henry,Neil Sullivan,Arsenal,From Corner,0.020981507,1,105.3,30.3,1.910500878,1.069411241,1.893942519,1.762110094,-0.056092236,3,2,0,0,0,1,0,1,0,0,0,0,0,1,0
94,2,Thierry Henry,Neil Sullivan,Arsenal,Regular Play,0.02902376,1,110.6,19.7,2.426725718,1.157276102,3.692366974,0.362895906,-0.050258885,0,1,0,0,0,1,0,0,0,0,1,0,0,0,1
95,2,Thierry Henry,Jussi Jaaskelainen,Arsenal,Regular Play,0.01142557,0,91.9,34.2,3.112477464,0.674255656,0.660931139,2.499563531,-0.051839593,0,2,1,0,0,1,0,0,0,0,1,0,0,1,0
96,2,Thierry Henry,Jussi Jaaskelainen,Arsenal,From Free Kick,0.02556449,0,102.7,56.3,2.578439128,0.528929653,2.453628819,0.515853366,-0.060865684,2,2,0,0,0,1,0,0,0,1,0,0,0,0,1
97,2,Thierry Henry,Shaka Hislop,Arsenal,Regular Play,0.029715339,0,94.4,47.1,2.881853788,0.374009744,0.878473616,0.278953115,-0.046797358,1,2,0,0,0,1,0,0,0,1,0,0,0,1,0
98,2,Thierry Henry,Shaka Hislop,Arsenal,From Free Kick,0.09463678,0,111.8,38,0.915592658,0.247861309,0.776800635,0.962317275,-0.086648123,0,1,1,0,0,1,0,0,0,1,0,1,0,0,0
99,2,Thierry Henry,Shaka Hislop,Arsenal,From Throw In,0.1409315,0,111.8,39.5,0.891168978,1.200568603,0.197746955,0.296797889,-0.085457242,1,2,1,0,0,1,0,0,0,1,0,1,0,0,0
100,2,Thierry Henry,Antti Mikko Niemi,Arsenal,From Throw In,0.011963927,0,89,32.7,3.454788122,0.677053409,0.750950289,0.732334932,-0.009631959,1,1,0,0,0,1,0,0,0,1,0,0,0,1,0
101,2,Thierry Henry,Antti Mikko Niemi,Arsenal,From Counter,0.030282678,0,99.2,23.3,2.893589726,0.783806279,2.196631194,0.141341664,-0.04674872,0,1,0,0,0,1,0,0,0,1,0,0,0,0,1
102,2,Thierry Henry,Antti Mikko Niemi,Arsenal,From Goal Kick,0.010373374,0,94,26.2,3.193078479,0.605574979,1.584434519,0.184568984,-0.062257426,0,1,0,0,0,1,0,0,0,1,0,0,0,1,0
103,2,Thierry Henry,Antti Mikko Niemi,Arsenal,From Throw In,0.030690491,0,98.8,27.4,2.675244955,0.481210508,1.741229248,0.192151497,-0.050241913,0,1,0,0,0,1,0,0,0,1,0,0,0,1,0
104,2,Thierry Henry,Antti Mikko Niemi,Arsenal,From Free Kick,0.009911504,0,91.7,24.9,3.47958083,0.278393433,1.591518913,1.590152768,-0.048310598,3,2,0,0,0,1,0,1,0,0,0,0,0,1,0
105,2,Thierry Henry,Antti Mikko Niemi,Arsenal,From Goal Kick,0.021994784,0,95.1,29.5,2.931427126,0.436945976,1.295776972,1.286328619,-0.04566649,0,2,1,0,0,1,0,0,0,1,0,0,0,1,0
106,2,Thierry Henry,Antti Mikko Niemi,Arsenal,Regular Play,0.0327227,0,99.5,24.9,2.76194457,1.522342222,2.061432932,0.474034172,0.075707873,1,2,0,0,0,1,0,0,0,1,0,0,0,1,0
107,2,Thierry Henry,Paul Robinson,Arsenal,From Free Kick,0.21526471,0,112.3,29.4,1.421223074,2.861780653,3.060557823,0.15417296,-0.063828802,0,1,0,1,0,1,0,0,0,1,0,0,0,1,0
108,2,Thierry Henry,Paul Robinson,Arsenal,Regular Play,0.1910535,1,110.3,28.1,1.665406047,1.733939317,2.879822227,0.634826745,0.041492449,1,1,0,1,0,1,0,0,0,1,0,0,0,1,0
109,2,Thierry Henry,Paul Robinson,Arsenal,From Free Kick,0.25292137,0,107.8,53.1,1.941871482,2.117727948,2.665698717,0.150759315,-0.044393011,0,1,0,0,0,1,0,0,0,1,0,0,0,1,0
110,2,Thierry Henry,Paul Robinson,Arsenal,From Goal Kick,0.45147735,1,111.7,32.1,1.243004523,1.956498735,2.470080985,1.637838549,-0.071133278,1,1,0,0,0,1,0,0,0,1,0,0,0,1,0
111,2,Thierry Henry,Mark Schwarzer,Arsenal,From Counter,0.8797571,1,115.1,37.1,0.617656265,1.117386625,1.735217027,1.779668419,-0.068139402,0,1,0,1,0,1,0,0,0,1,0,0,0,1,0
112,2,Thierry Henry,Mark Schwarzer,Arsenal,From Free Kick,0.016413992,0,97.5,54.4,2.897816023,1.031165373,1.848597127,0.279668768,-0.054119051,2,1,0,0,0,1,0,0,0,1,0,0,0,0,1
113,2,Thierry Henry,Mark Schwarzer,Arsenal,From Counter,0.30108938,0,107.2,51.9,1.895878103,2.305960818,2.431977348,0.196226497,-0.063291775,0,1,0,0,0,1,0,0,0,1,0,0,0,0,1
114,2,Thierry Henry,Mark Schwarzer,Arsenal,Regular Play,0.018930528,0,90.5,42.6,3.21249617,0.583315222,0.285444455,0.618918046,-0.047250404,2,2,0,0,0,1,0,0,0,1,0,0,0,1,0
115,2,Thierry Henry,Mark Schwarzer,Arsenal,Regular Play,0.03591606,0,105.3,43.8,1.647039713,0.804632084,0.8213962,0.365485242,-0.072925137,0,1,0,0,0,1,0,0,0,1,0,1,0,0,0
116,2,Thierry Henry,Mark Schwarzer,Arsenal,From Free Kick,0.016555816,0,102.8,55.3,2.497178568,0.725570567,2.360626535,0.552549552,-0.050282972,1,2,0,0,0,1,0,1,0,0,0,0,0,1,0
117,2,Thierry Henry,Brad Friedel,Arsenal,From Free Kick,0.011518389,0,85.1,40.7,3.786632104,0.413610302,0.065118654,2.270993284,-0.055113599,1,1,0,0,0,1,0,0,0,1,0,0,0,1,0
118,2,Thierry Henry,Brad Friedel,Arsenal,From Counter,0.29637697,0,105.7,35.7,1.61984441,1.909064371,0.948462041,0.083361133,-0.059838404,0,1,1,0,0,1,0,0,0,1,0,0,0,1,0
119,2,Thierry Henry,Brad Friedel,Arsenal,From Free Kick,0.21208495,0,116.4,35.5,0.625136395,0.468269695,2.909550377,0.714219139,-0.088031097,0,1,1,0,0,1,0,0,0,1,0,1,0,0,0
120,2,Thierry Henry,Brad Friedel,Arsenal,From Free Kick,0.18637274,1,104.2,33.8,1.841182762,0.179263354,1.214213845,0.440621997,-0.048902191,0,1,0,0,0,1,0,0,0,1,0,0,0,1,0
121,2,Thierry Henry,Jussi Jaaskelainen,Arsenal,From Throw In,0.011821863,0,92.1,25.7,3.400909016,0.52624244,1.537917334,1.563536737,-0.041746947,2,2,0,0,0,1,0,0,0,1,0,0,0,1,0
122,2,Thierry Henry,Jussi Jaaskelainen,Arsenal,Regular Play,0.015248263,0,93.2,26.3,3.265033689,0.593753901,1.534441888,0.269097198,-0.046221994,0,1,0,0,0,1,0,0,0,1,0,0,0,1,0
123,2,Thierry Henry,Jussi Jaaskelainen,Arsenal,Regular Play,0.021172326,0,102.7,19.6,2.90154954,0.59136133,2.816639877,1.881404466,-0.038577089,2,2,0,0,0,1,0,0,0,1,0,0,0,1,0
124,2,Thierry Henry,Jussi Jaaskelainen,Arsenal,From Free Kick,0.091814615,0,117,30.4,1.091050258,1.925332999,4.116991344,0.103394584,-0.017295042,0,1,0,0,0,1,0,0,0,1,0,0,0,0,1
125,2,Thierry Henry,Jussi Jaaskelainen,Arsenal,From Free Kick,0.03691512,1,97.5,28.9,2.721600741,0.523541435,1.488130258,1.057487635,-0.03560711,0,1,0,0,0,1,0,1,0,0,0,0,0,1,0
126,2,Thierry Henry,Shay Given,Arsenal,Regular Play,0.1332327,1,100.2,43.5,2.181156589,1.266464384,0.568107526,0.205670088,-0.046314837,1,1,0,0,0,1,0,0,0,1,0,0,0,1,0
127,2,Thierry Henry,Shay Given,Arsenal,From Free Kick,0.017968886,0,95,19.1,3.534791089,1.26085474,2.260964012,0.23579278,-0.042580728,1,1,0,0,0,1,0,0,0,1,0,0,0,1,0
128,2,Thierry Henry,Shay Given,Arsenal,From Throw In,0.0568847,0,103.8,25.3,2.37298466,1.051586472,2.392738258,0.457516175,-0.063493495,0,1,0,0,0,1,0,0,0,1,0,0,0,0,1
129,2,Thierry Henry,Shay Given,Arsenal,From Keeper,0.67490935,0,116.9,49.8,1.115000588,3.842926452,4.105684139,2.394559621,-0.076424724,0,0,0,0,0,1,0,0,0,1,0,0,0,1,0
130,2,Thierry Henry,Shay Given,Arsenal,From Corner,0.012588938,0,89.3,32.6,3.425645106,0.596929078,0.768029414,0.076845554,-0.037123031,1,1,0,0,0,1,0,0,0,1,0,0,0,1,0
131,2,Thierry Henry,Shay Given,Arsenal,Regular Play,0.028548012,0,96.6,24.7,3.032819138,0.856412348,1.880291986,0.560844247,-0.035084485,1,1,0,0,0,1,0,0,0,1,0,0,0,1,0
132,2,Thierry Henry,Maik Taylor,Arsenal,From Throw In,0.017209705,0,89.4,44,3.347656731,0.564374016,0.422059867,3.145349967,-0.020477094,1,1,0,0,0,1,0,0,0,1,0,0,0,1,0
133,2,Thierry Henry,Maik Taylor,Arsenal,From Goal Kick,0.15224703,0,113.4,28.2,1.466656602,1.42152961,3.444565704,0.353290721,-0.0377916,0,1,0,0,0,1,0,0,0,1,0,0,0,1,0
134,2,Thierry Henry,Jerzy Dudek,Arsenal,From Corner,0.02481899,0,103.1,28.1,2.24215759,0.965362706,1.992075986,0.81367361,-0.061467594,3,1,0,0,0,1,0,0,0,0,1,0,0,1,0
135,2,Thierry Henry,Jerzy Dudek,Arsenal,Regular Play,0.31033337,0,104.3,30.3,2.001934742,2.83706892,1.797023104,0.083625275,-0.062311984,0,1,0,1,0,1,0,0,0,1,0,0,0,0,1
136,2,Thierry Henry,Jerzy Dudek,Arsenal,From Throw In,0.019125048,0,91.3,26.1,3.459230246,0.717712171,1.464509456,1.649488433,-0.024259056,1,1,0,0,0,1,0,0,0,1,0,0,0,1,0
137,2,Thierry Henry,Jerzy Dudek,Arsenal,From Kick Off,0.11584262,1,118.3,47.4,0.823644877,1.36141602,4.367253017,0.29818299,-0.076298621,1,1,0,0,0,1,0,0,0,1,0,0,0,0,1
138,2,Thierry Henry,Jerzy Dudek,Arsenal,Regular Play,0.23815484,0,112.1,30,1.382441393,0.922814596,2.929446362,0.384663846,-0.000481909,0,1,0,1,0,1,0,0,0,1,0,0,0,1,0
139,2,Thierry Henry,Jerzy Dudek,Arsenal,From Goal Kick,0.01528529,0,89.5,28.7,3.528343547,0.528929653,1.15209915,1.576750962,-0.051260134,1,1,0,0,0,1,0,0,0,1,0,0,0,1,0
140,2,Thierry Henry,Jerzy Dudek,Arsenal,Regular Play,0.15411635,0,111.4,39.2,0.936935641,0.264464827,0.301185832,1.887137246,-0.080684721,1,1,0,0,0,1,0,0,0,1,0,1,0,0,0
141,2,Thierry Henry,Jerzy Dudek,Arsenal,Regular Play,0.3064395,0,111.6,41.2,0.920463547,1.797372485,0.460749007,0.217926043,-0.036252081,0,2,0,0,0,1,0,0,0,1,0,0,0,1,0
142,2,Thierry Henry,Jerzy Dudek,Arsenal,Regular Play,0.29256076,1,112.9,42.7,0.824001975,1.847164871,1.179961247,0.110216861,-0.08645501,0,1,0,1,0,1,0,0,0,1,0,0,1,0,0
143,2,Thierry Henry,Paul Robinson,Arsenal,From Throw In,0.022239976,0,97.6,46,2.515559496,0.896316771,0.849800841,2.034447933,-0.069907145,1,2,0,0,0,1,0,0,0,1,0,0,0,0,1
144,2,Thierry Henry,Paul Robinson,Arsenal,From Throw In,0.4597988,0,109,45.5,1.334098935,2.234138762,1.505494079,0.359439485,-0.07433817,0,1,1,1,0,1,0,0,0,1,0,0,0,0,1
145,2,Thierry Henry,Paul Robinson,Arsenal,From Corner,0.015691493,0,85.2,39.8,3.775085237,0.480227441,0.01866109,2.33390424,-0.046658647,4,2,0,0,0,1,0,0,0,0,1,0,0,1,0
146,2,Thierry Henry,Paul Robinson,Arsenal,From Counter,0.2958964,0,102.5,30.4,2.165237107,2.805073083,1.629201256,0.061915929,-0.066073377,0,1,0,1,0,1,0,0,0,1,0,0,0,1,0
147,2,Thierry Henry,Paul Robinson,Arsenal,Regular Play,0.35838363,0,111.3,33.9,1.152623094,1.858133426,1.985570627,0.181068102,-0.076620818,0,1,0,1,0,1,0,0,0,1,0,0,0,1,0
148,2,Thierry Henry,Paul Robinson,Arsenal,From Counter,0.31565174,0,107.6,32.5,1.572028203,0.783806279,1.76630542,1.537014444,-0.076610967,0,1,1,0,0,1,0,0,0,1,0,0,0,0,1
149,2,Thierry Henry,David Seaman,Arsenal,From Corner,0.016447304,1,94.8,37.2,2.75045981,0.32097064,0.359311227,0.478528514,-0.072410447,5,1,0,0,0,1,0,0,0,0,1,0,0,1,0
150,2,Thierry Henry,David Seaman,Arsenal,Regular Play,0.029281856,0,99.4,32.3,2.38564568,0.508894013,1.161495645,2.102389907,-0.051534195,1,1,0,0,0,1,0,0,0,1,0,0,0,1,0
151,2,Thierry Henry,Ian Bennett,Arsenal,Regular Play,0.017431114,0,90.8,27.6,3.441324766,0.374009744,1.303958251,1.499981916,-0.043557287,1,2,0,0,0,1,0,0,0,1,0,0,0,1,0
152,2,Thierry Henry,Ian Bennett,Arsenal,Regular Play,0.072366334,0,106.8,25.8,2.103124366,0.565210746,2.66869261,0.096553305,-0.070825394,0,1,0,0,0,1,0,0,0,1,0,0,0,0,1
153,2,Thierry Henry,Brad Friedel,Arsenal,From Free Kick,0.10752118,1,105.9,27.9,2.015525606,0.848094776,2.302851346,0.269499872,-0.044674249,0,1,0,0,0,1,0,0,0,1,0,0,0,0,1
154,2,Thierry Henry,Brad Friedel,Arsenal,From Corner,0.010005835,0,86.1,32.1,3.775926767,0.500466482,0.743422625,0.11540878,-0.039304358,1,1,0,0,0,1,0,0,0,1,0,0,0,1,0
155,2,Thierry Henry,Brad Friedel,Arsenal,From Throw In,0.14107776,0,111.3,40,0.943755724,0.496675015,0,1.007099452,-0.075128685,0,1,0,0,0,1,0,0,0,1,0,1,0,0,0
156,2,Thierry Henry,Brad Friedel,Arsenal,From Free Kick,0.040865168,0,95.5,33.2,2.758171405,0.627045023,0.879098533,0.194113549,-0.043409139,1,1,1,0,0,1,0,0,0,1,0,0,0,0,1
157,2,Thierry Henry,Brad Friedel,Arsenal,Regular Play,0.101212285,1,108.6,52.8,1.859371807,0.98426942,2.737876765,0.1399339,-0.048135739,0,1,1,0,0,1,0,0,0,1,0,0,0,1,0
158,2,Thierry Henry,Richard Wright,Arsenal,From Goal Kick,0.027396759,0,93.6,50.2,3.070128858,0.618699224,1.197179684,0.251311981,-0.04351007,1,2,1,0,0,1,0,0,0,1,0,0,0,1,0
159,2,Thierry Henry,Michael Oakes,Arsenal,From Throw In,0.0986956,0,107.6,28.7,1.819872542,2.004225229,2.399639556,0.049612901,-0.039860696,1,2,0,0,0,1,0,1,0,0,0,0,0,0,1
160,2,Thierry Henry,Michael Oakes,Arsenal,Regular Play,0.39980355,1,107.6,36.3,1.403727867,2.584824435,0.941572351,0.47373984,-0.064097694,1,1,0,1,0,1,0,0,0,1,0,0,0,1,0
161,2,Thierry Henry,Michael Oakes,Arsenal,From Counter,0.1411635,0,108.7,26.9,1.876695032,0.977040906,2.789343642,0.768457868,-0.056176251,0,1,0,1,0,1,0,0,0,1,0,0,0,0,1
162,2,Thierry Henry,Dean Kiely,Arsenal,Regular Play,0.032203477,0,100.1,54,2.639397903,0.738482089,1.99072011,1.73288458,-0.042951199,0,1,0,0,0,1,0,0,0,1,0,0,0,0,1
163,2,Thierry Henry,Dean Kiely,Arsenal,Regular Play,0.02488646,0,95.2,29,2.943005368,1.056518263,1.355571285,0.718492062,-0.041488949,1,2,0,0,0,1,0,0,0,1,0,0,0,1,0
164,2,Thierry Henry,Shay Given,Arsenal,Regular Play,0.09334736,1,116.4,45.3,0.695019399,1.045728006,3.163083012,0.456471724,-0.088688055,1,2,0,0,0,1,0,0,0,1,0,0,0,1,0
165,2,Thierry Henry,Shay Given,Arsenal,From Throw In,0.02679691,0,104.3,47,1.864711889,1.421197127,1.361837592,0.684746392,21.11977556,1,2,0,0,0,1,0,0,0,0,1,0,0,1,0
166,2,Thierry Henry,Shay Given,Arsenal,Regular Play,0.029262168,0,99,25.4,2.774484726,1.099909732,1.97266655,0.380799734,-0.052701973,0,1,0,0,0,1,0,0,0,1,0,0,0,1,0
167,2,Thierry Henry,Shay Given,Arsenal,From Throw In,0.39777723,1,117.8,35.2,0.57277853,0.28344025,3.705012102,6.598736998,-0.084146184,0,1,0,1,0,1,0,1,0,0,0,0,0,0,1
168,2,Thierry Henry,Shay Given,Arsenal,From Throw In,0.026539246,0,94.2,35.7,2.837328781,0.957498113,0.536248545,0.692445237,-0.046713359,1,1,1,0,0,1,0,0,0,1,0,0,0,1,0
169,2,Thierry Henry,Shay Given,Arsenal,From Throw In,0.022162363,0,91.7,35.3,3.111967025,0.480227441,0.534387763,1.403199949,-0.034187046,1,1,0,0,0,1,0,0,0,1,0,0,0,0,1
170,2,Thierry Henry,Shay Given,Arsenal,From Free Kick,0.10264165,0,113.6,37.7,0.73772791,0.358526708,1.12024461,1.814004903,-0.072250912,1,2,1,0,0,1,0,0,0,1,0,1,0,0,0
171,2,Thierry Henry,Tim Howard,Arsenal,From Corner,0.04347104,1,98.8,65.3,3.580634092,0.443387788,2.835801047,0.755219746,-0.062007851,1,2,0,0,0,1,0,1,0,0,0,0,0,1,0
172,2,Thierry Henry,Tim Howard,Arsenal,From Free Kick,0.017038329,0,104.2,30,2.028387389,0.804632084,1.832215675,0.513756427,-0.069484436,1,1,1,0,0,1,0,0,0,1,0,1,0,0,0
173,2,Thierry Henry,Edwin van der Sar,Arsenal,Regular Play,0.020563982,0,100.5,18.1,3.180930784,0.385213843,2.738264382,0.603839926,-0.054328729,1,1,0,0,0,1,0,0,0,1,0,0,0,1,0
174,2,Thierry Henry,Edwin van der Sar,Arsenal,From Keeper,0.07717468,0,58,77.7,7.871391146,14.97232553,1.77396336,1.429681719,-0.061383743,1,1,0,0,0,1,0,0,0,1,0,0,0,1,0
175,2,Thierry Henry,Dean Kiely,Arsenal,Regular Play,0.28175247,0,113.4,38.6,0.731882685,0.799328702,0.678711152,2.559345565,-0.08431318,2,2,1,1,0,1,0,0,0,1,0,0,0,0,1
176,2,Thierry Henry,Dean Kiely,Arsenal,From Free Kick,0.07555854,0,107.8,42.3,1.346740545,0.434777497,0.605050228,0.868749958,-0.059365205,1,2,0,0,0,1,0,1,0,0,0,0,0,1,0
177,2,Thierry Henry,Dean Kiely,Arsenal,From Goal Kick,0.023159137,0,92.6,28.7,3.215132455,0.744219196,1.270114294,0.733494407,-0.056720663,0,1,0,0,0,1,0,0,0,1,0,0,0,1,0
178,2,Thierry Henry,Dean Kiely,Arsenal,From Counter,0.2055144,0,109.2,52.6,1.800206452,2.314552204,2.799522497,0.045760306,-0.029073245,0,1,0,0,0,1,0,0,0,1,0,0,0,1,0
179,3,Gilberto Aparecido da Silva,Paul Jones,Arsenal,From Throw In,0.101165496,1,109.1,50.3,1.626803408,0.89526166,2.4583656,1.417042832,-0.066253038,1,1,0,0,0,1,0,0,0,1,0,0,0,1,0
180,3,Gilberto Aparecido da Silva,Carlo Cudicini,Arsenal,From Goal Kick,0.030991022,1,96.9,39.8,2.505928081,0.584124821,0.028112417,0.02291488,-0.042807866,3,1,0,0,0,1,0,1,0,0,0,0,0,1,0
181,3,Gilberto Aparecido da Silva,Mark Schwarzer,Arsenal,Regular Play,0.035797488,0,100.8,44.6,2.141712953,0.612558137,0.763550562,0.187197995,-0.073891985,1,2,1,0,0,1,0,0,0,1,0,0,0,0,1
182,3,Gilberto Aparecido da Silva,Edwin van der Sar,Arsenal,From Throw In,0.014159448,0,84.8,40,3.818413962,0.5668805,0,0.578758698,-0.037801931,0,1,0,0,0,1,0,0,0,1,0,0,0,1,0
183,3,Gilberto Aparecido da Silva,Kasey Keller,Arsenal,From Free Kick,0.013533142,1,87.7,47.5,3.597044929,0.799328702,0.74083447,0.603865995,-0.072271281,1,2,0,0,0,1,0,0,0,0,1,0,0,1,0
184,3,Gilberto Aparecido da Silva,Kasey Keller,Arsenal,From Free Kick,0.13794717,0,113.9,42.5,0.715130345,0.153717058,1.262968402,3.128015536,-0.084385953,1,2,1,0,0,1,0,0,0,1,0,1,0,0,0
185,3,Gilberto Aparecido da Silva,David James,Arsenal,From Throw In,0.01823994,0,91.5,30.5,3.25884685,0.725570567,1.044745072,0.829158956,-0.046609488,1,1,0,0,0,1,0,0,0,1,0,0,0,0,1
186,3,Gilberto Aparecido da Silva,David James,Arsenal,Regular Play,0.08117414,0,113.9,26.1,1.646646715,3.602361798,3.757680117,0.100020198,-0.046366465,0,1,1,0,0,1,0,0,0,1,0,0,0,0,1
187,3,Gilberto Aparecido da Silva,Roy Carroll,Arsenal,From Corner,0.11518312,0,115.6,47,0.896894525,0.904190862,3.278344037,0.662120748,0.854956967,0,1,0,0,0,1,0,0,0,1,0,1,0,0,0
188,3,Gilberto Aparecido da Silva,Jerzy Dudek,Arsenal,From Corner,0.041250654,0,111.5,35.2,1.058922093,0.308967463,1.669197985,1.096793419,-0.072466674,2,1,0,0,0,1,0,0,0,1,0,1,0,0,0
189,3,Gilberto Aparecido da Silva,Ian Walker,Arsenal,From Throw In,0.012197965,0,84,41.3,3.90774148,0.278393433,0.11720421,0.388415334,-0.042410771,1,1,0,0,0,1,0,0,0,1,0,0,0,1,0
190,3,Gilberto Aparecido da Silva,Ian Walker,Arsenal,From Throw In,0.019895516,1,88.5,29.5,3.60188336,0.278393433,1.044745072,1.144468687,-0.060845536,1,1,0,0,0,1,0,0,0,1,0,0,0,1,0
191,3,Gilberto Aparecido da Silva,Ian Walker,Arsenal,From Free Kick,0.0133168,0,88.1,47.1,3.545112639,0.276690705,0.711110039,0.579637137,-0.075935103,2,2,0,0,0,1,0,0,0,1,0,0,0,1,0
192,3,Gilberto Aparecido da Silva,Neil Sullivan,Arsenal,From Throw In,0.0739615,0,100.8,53.7,2.558624686,1.715581538,2.012390277,0.034386914,-0.053019424,0,1,0,0,0,1,0,0,0,1,0,0,0,1,0
193,3,Gilberto Aparecido da Silva,Neil Sullivan,Arsenal,From Free Kick,0.18137228,0,112,51.5,1.519655613,2.091456012,3.126905508,0.485960585,-0.08337281,0,1,0,0,0,1,0,0,0,1,0,0,0,1,0
194,3,Gilberto Aparecido da Silva,Jussi Jaaskelainen,Arsenal,Regular Play,0.036043156,0,92.8,43.9,2.980768183,0.350528824,0.462420168,1.081624607,-0.048021558,0,2,0,0,0,1,0,0,0,1,0,0,0,1,0
195,3,Gilberto Aparecido da Silva,Paul Robinson,Arsenal,From Free Kick,0.0814242,1,107.3,43.3,1.423415523,0.137488716,0.825470716,0.554297891,-0.067418566,1,2,0,1,0,1,0,1,0,0,0,0,0,0,1
196,3,Gilberto Aparecido da Silva,Paul Robinson,Arsenal,Regular Play,0.05293875,1,101.1,47.5,2.205754104,1.131257293,1.22663302,1.180639811,-0.072889988,1,1,0,0,0,1,0,0,0,1,0,0,0,0,1
197,3,Gilberto Aparecido da Silva,Mark Schwarzer,Arsenal,Regular Play,0.12615536,1,105.7,44.2,1.616754038,0.648532978,0.927598237,0.695764647,-0.04638943,1,1,0,1,0,1,0,0,0,0,1,0,0,1,0
198,3,Gilberto Aparecido da Silva,Jussi Jaaskelainen,Arsenal,From Throw In,0.02823421,0,98.2,46.1,2.455647891,0.28344025,0.885924592,1.300889966,-0.048531677,0,2,0,0,0,1,0,0,0,1,0,0,0,1,0
199,3,Gilberto Aparecido da Silva,Shay Given,Arsenal,From Free Kick,0.027060853,0,92.9,37.1,2.956528978,0.380275,0.346154632,0.930549704,-0.028170877,1,2,0,0,0,1,0,0,0,1,0,0,0,1,0
200,3,Gilberto Aparecido da Silva,Shay Given,Arsenal,From Free Kick,0.21590783,0,114.3,40.4,0.619843339,0.385213843,0.227491289,2.650411127,-0.085934194,1,1,0,1,0,1,0,0,0,1,0,1,0,0,0
201,3,Gilberto Aparecido da Silva,Tim Howard,Arsenal,From Throw In,0.016117211,0,89.6,40.2,3.297792515,0.428206174,0.021361964,0.989224224,-0.062033743,2,2,1,0,0,1,0,0,0,1,0,0,0,1,0
202,3,Gilberto Aparecido da Silva,Dean Kiely,Arsenal,Regular Play,0.043339178,0,112.9,51.6,1.475336184,0.610239296,3.317039,0.436298845,-0.078410238,0,1,0,0,0,1,0,0,0,1,0,1,0,0,0
203,4,Eduardo Cesar Daude Gaspar,Paul Jones,Arsenal,From Throw In,0.040604666,1,100.3,30.5,2.372513517,0.677053409,1.459015745,1.144814099,-0.052047184,2,1,0,0,0,1,0,1,0,0,0,0,0,1,0
204,4,Eduardo Cesar Daude Gaspar,Carlo Cudicini,Arsenal,From Free Kick,0.028387174,1,103.3,40.1,1.811609557,0.612558137,0.019443273,0.793731718,-0.048792713,3,2,0,0,0,1,0,1,0,0,0,0,0,1,0
205,4,Eduardo Cesar Daude Gaspar,Mark Schwarzer,Arsenal,From Keeper,0.07634717,0,103.4,29.3,2.142399642,0.633791667,1.859121526,0.290511325,-0.05318792,1,2,0,0,0,1,0,0,0,1,0,0,0,1,0
206,4,Eduardo Cesar Daude Gaspar,Edwin van der Sar,Arsenal,Regular Play,0.020786682,0,100.9,22.6,2.802778334,0.457033671,2.399115183,1.047663673,-0.043864556,0,1,0,0,0,1,0,0,0,1,0,0,0,1,0
207,4,Eduardo Cesar Daude Gaspar,David James,Arsenal,From Free Kick,0.010191088,0,86.6,40.4,3.623413975,0.247861309,0.038885151,0.360830593,-0.044870859,2,1,0,0,0,1,0,0,0,1,0,0,0,1,0
208,4,Eduardo Cesar Daude Gaspar,Roy Carroll,Arsenal,From Corner,0.06685441,0,112.6,39.7,0.803394144,0.343721791,0.131565738,1.334393572,0.164061778,3,2,1,0,0,1,0,0,0,1,0,1,0,0,0
209,4,Eduardo Cesar Daude Gaspar,Jerzy Dudek,Arsenal,From Free Kick,0.18918699,0,113,38.6,0.774381654,0.165558338,0.64095628,0.484645764,-0.090937625,0,1,0,0,0,1,0,0,0,1,0,1,0,0,0
210,4,Eduardo Cesar Daude Gaspar,Danny Coyne,Arsenal,From Corner,0.16984391,0,107.8,39.3,1.325604221,1.107189728,0.186102982,0.225197018,-0.072565489,3,2,0,0,0,1,0,0,0,1,0,0,0,1,0
211,4,Eduardo Cesar Daude Gaspar,Neil Sullivan,Arsenal,From Throw In,0.017667737,0,91.9,40.5,3.048705023,0.957498113,0.057770867,2.005607197,-0.049752124,1,1,0,0,0,1,0,1,0,0,0,0,0,1,0
212,4,Eduardo Cesar Daude Gaspar,Neil Sullivan,Arsenal,From Corner,0.1898611,0,114,47.6,1.050386533,1.570624304,2.930498895,2.23318532,-0.071423025,1,1,0,1,0,1,0,0,0,1,0,0,0,1,0
213,4,Eduardo Cesar Daude Gaspar,Antti Mikko Niemi,Arsenal,From Throw In,0.013832978,0,89.5,51.7,3.543651832,0.245947293,1.189382865,0.969484947,-0.040047758,0,1,0,0,0,1,0,0,0,1,0,0,0,1,0
214,4,Eduardo Cesar Daude Gaspar,Paul Robinson,Arsenal,From Corner,0.11824179,0,114.1,43.1,0.722985559,0.717053417,1.570862401,1.446699153,-0.082554022,3,1,0,0,0,1,0,0,0,1,0,1,0,0,0
215,4,Eduardo Cesar Daude Gaspar,Michael Oakes,Arsenal,From Counter,0.026706755,0,92.5,41.9,2.990247511,0.380275,0.223986744,0.83096871,0.054596703,1,2,0,0,0,1,0,0,0,1,0,0,0,1,0
216,4,Eduardo Cesar Daude Gaspar,Dean Kiely,Arsenal,Regular Play,0.010308976,0,86.7,25,3.961871215,0.759306255,1.374250454,0.346931446,-0.055003603,0,1,0,0,0,1,0,0,0,1,0,0,0,1,0
217,4,Eduardo Cesar Daude Gaspar,Dean Kiely,Arsenal,Regular Play,0.028465373,0,93.4,39,2.887544339,0.508894013,0.122012667,1.056181807,-0.053870664,1,1,0,0,0,1,0,0,0,1,0,0,0,1,0
218,5,Robert Pires ,Kasey Keller,Arsenal,Regular Play,0.16856258,1,109.7,32.9,1.35705521,1.450163826,1.959676734,1.08165324,-0.066051033,0,1,0,1,0,1,0,1,0,0,0,0,0,0,1
219,5,Robert Pires ,Kasey Keller,Arsenal,From Free Kick,0.36621675,1,107.4,49.7,1.724931388,2.244269048,2.130331578,0.162674349,-0.050079075,0,1,0,0,0,1,0,0,0,1,0,0,0,1,0
220,5,Robert Pires ,Carlo Cudicini,Arsenal,From Corner,0.010445771,0,96.4,28.1,2.867116311,0.648532978,1.516482413,0.21575576,-0.062812236,4,3,0,0,0,1,0,1,0,0,0,0,0,1,0
221,5,Robert Pires ,Carlo Cudicini,Arsenal,Regular Play,0.025819095,0,97.9,30.4,2.613771638,0.338177528,1.330635617,1.084622318,-0.037310143,1,1,0,0,0,1,0,1,0,0,0,0,0,1,0
222,5,Robert Pires ,Carlo Cudicini,Arsenal,From Free Kick,0.018532068,0,103.8,23.9,2.477592922,0.427101124,2.540186348,0.689261818,-0.044208387,1,1,0,0,0,1,0,1,0,0,0,0,0,1,0
223,5,Robert Pires ,Carlo Cudicini,Arsenal,From Corner,0.04494997,1,98.5,41.9,2.341359259,0.156761256,0.28620645,0.289162245,-0.067093359,3,1,0,0,0,1,0,1,0,0,0,0,0,1,0
224,5,Robert Pires ,Thomas Sorensen,Arsenal,From Free Kick,0.017633846,1,99.8,62.4,3.272000129,1.456666835,2.717779132,0.097063941,-0.040486151,0,1,0,0,0,1,0,0,0,0,1,0,0,1,0
225,5,Robert Pires ,Thomas Sorensen,Arsenal,From Corner,0.015169147,0,88.5,46.7,3.493486248,0.648532978,0.68050445,0.806002014,-0.046491735,1,2,0,0,0,1,0,0,0,1,0,0,0,1,0
226,5,Robert Pires ,Thomas Sorensen,Arsenal,From Free Kick,0.087567896,0,103.3,29.5,2.139899036,1.27871898,1.822532432,0.229964602,-0.060655956,0,1,0,0,0,1,0,0,0,1,0,0,0,1,0
227,5,Robert Pires ,Mark Schwarzer,Arsenal,From Counter,0.037148878,0,102.8,27.4,2.312890443,0.596929078,2.052939357,0.079288769,-0.044185118,1,1,0,0,0,1,0,0,0,1,0,0,0,1,0
228,5,Robert Pires ,Mark Schwarzer,Arsenal,Regular Play,0.35496974,1,106.7,35.4,1.526608827,0.440178666,1.081227416,0.322617654,-0.052643978,0,1,0,1,0,1,0,0,0,1,0,0,0,1,0
229,5,Robert Pires ,Edwin van der Sar,Arsenal,Regular Play,0.07579835,1,108.7,27.4,1.835966528,0.740399397,2.726683892,0.011688154,-0.057782463,1,1,0,0,0,1,0,0,0,1,0,0,0,1,0
230,5,Robert Pires ,Kasey Keller,Arsenal,Regular Play,0.7586793,1,115.1,37.8,0.582657384,0.674255656,1.370277904,2.23611756,-0.071143355,1,1,0,1,0,1,0,0,0,1,0,0,0,0,1
231,5,Robert Pires ,David James,Arsenal,From Throw In,0.017599475,0,99.3,20.7,3.070090529,0.806977955,2.436638235,0.121533773,-0.052049506,1,2,0,0,0,1,0,0,0,1,0,0,0,1,0
232,5,Robert Pires ,David James,Arsenal,From Free Kick,0.13221711,1,105.3,46.1,1.726465645,0.391299747,1.277204396,1.037670936,-0.026326602,1,2,0,0,0,1,0,0,0,1,0,0,0,1,0
233,5,Robert Pires ,Roy Carroll,Arsenal,From Free Kick,0.017411776,0,96.1,21.9,3.252195987,0.783806279,2.104653113,1.193082639,-0.045195173,1,1,0,0,0,1,0,0,0,1,0,0,0,1,0
234,5,Robert Pires ,Roy Carroll,Arsenal,From Goal Kick,0.027159378,0,95.5,35.2,2.708229257,0.574334326,0.62820275,0.205066362,-0.020032651,2,2,0,0,0,1,0,1,0,0,0,0,0,1,0
235,5,Robert Pires ,Jerzy Dudek,Arsenal,Regular Play,0.048773024,0,95.6,31.7,2.795800173,0.869554993,1.064665468,0.492261941,-0.056973836,1,1,0,1,0,1,0,0,0,1,0,0,0,1,0
236,5,Robert Pires ,Ian Walker,Arsenal,Regular Play,0.026071616,1,95.1,24.4,3.187416547,0.771040841,1.817322611,1.692617449,-0.046507484,1,1,0,0,0,1,0,0,0,1,0,0,0,1,0
237,5,Robert Pires ,Ian Walker,Arsenal,Regular Play,0.04233155,0,95.1,39.3,2.702161107,0.33957208,0.091258925,0.31433928,-0.051396633,1,1,0,0,0,1,0,0,0,1,0,0,0,1,0
238,5,Robert Pires ,Neil Sullivan,Arsenal,From Throw In,0.01795536,0,97,57.4,3.128523066,0.827220604,2.103000739,0.225377747,-0.038308399,0,1,0,0,0,1,0,0,0,1,0,0,0,1,0
239,5,Robert Pires ,Jussi Jaaskelainen,Arsenal,From Counter,0.35244408,1,109.5,37.7,1.166021417,1.199387135,0.700202721,0.638596535,-0.068974475,2,2,0,1,0,1,0,1,0,0,0,0,0,1,0
240,5,Robert Pires ,Antti Mikko Niemi,Arsenal,Regular Play,0.04548274,0,100.7,53.3,2.54259254,1.228583046,1.959233781,0.13257939,-0.048256443,1,1,1,0,0,1,0,0,0,1,0,0,0,1,0
241,5,Robert Pires ,Antti Mikko Niemi,Arsenal,From Throw In,0.3242853,1,107.5,29.3,1.784910968,1.460554743,2.298815352,0.402091619,-0.055579157,0,1,0,1,0,1,0,0,0,1,0,0,0,0,1
242,5,Robert Pires ,Paul Robinson,Arsenal,Regular Play,0.31957105,1,113.4,30,1.299741754,2.062330747,3.206228032,0.316881372,-0.066685282,0,1,0,1,0,1,0,0,0,1,0,0,0,0,1
243,5,Robert Pires ,Brad Friedel,Arsenal,From Throw In,0.045735445,0,106.5,38.8,1.470222629,0.374009744,0.287871441,0.20245614,-0.069307463,0,1,0,0,0,1,0,0,0,1,0,1,0,0,0
244,5,Robert Pires ,Brad Friedel,Arsenal,Regular Play,0.11785451,0,102.3,35.7,1.975902211,1.005173227,0.773843766,0.451498163,-0.067486341,1,2,0,0,0,1,0,0,0,1,0,0,0,1,0
245,5,Robert Pires ,Brad Friedel,Arsenal,Regular Play,0.15126315,0,111.9,33.4,1.133422947,0.908362468,2.220048805,1.240955164,-0.085961796,0,1,0,0,0,1,0,0,0,1,0,1,0,0,0
246,5,Robert Pires ,Brad Friedel,Arsenal,From Counter,0.56204,1,113.6,42.9,0.762205204,0.399664351,1.381462769,3.031428887,-0.080771144,0,1,0,0,0,1,0,0,0,1,0,0,0,1,0
247,5,Robert Pires ,Jussi Jaaskelainen,Arsenal,From Throw In,0.025536556,0,94.3,44.9,2.838095938,0.671446245,0.611748084,0.237939757,0.039115405,1,1,1,0,0,1,0,0,0,1,0,0,0,1,0
248,5,Robert Pires ,Jussi Jaaskelainen,Arsenal,Regular Play,0.05061619,0,99,30,2.52312623,0.443387788,1.44305821,0.380027158,-0.049055187,0,1,0,1,0,1,0,0,0,1,0,0,0,1,0
249,5,Robert Pires ,Jussi Jaaskelainen,Arsenal,Regular Play,0.06519085,1,108,30.2,1.680668866,0.79339448,2.223659328,0.703305167,-0.051821788,1,2,0,0,0,1,0,0,0,1,0,0,0,0,1
250,5,Robert Pires ,Maik Taylor,Arsenal,Regular Play,0.3149496,0,112.6,35.7,0.928419301,1.261604134,1.709230398,0.776750217,-0.083301669,0,1,1,1,0,1,0,0,0,1,0,0,0,1,0
251,5,Robert Pires ,Jerzy Dudek,Arsenal,From Goal Kick,0.17595726,1,112.7,31.6,1.207225364,1.220478593,2.777369373,0.003594477,-0.083044842,0,1,0,1,0,1,0,1,0,0,0,0,0,0,1
252,5,Robert Pires ,Paul Robinson,Arsenal,From Free Kick,0.22699352,1,100.9,29.9,2.343770442,2.146982169,1.579431026,0.058416941,-0.048116943,0,1,0,1,0,1,0,0,0,1,0,0,0,1,0
253,5,Robert Pires ,David Seaman,Arsenal,Regular Play,0.011902801,0,88.7,35.7,3.427242051,0.863008689,0.443307463,0.17261504,-0.042362688,1,1,0,0,0,1,0,0,0,1,0,0,0,1,0
254,5,Robert Pires ,David Seaman,Arsenal,From Free Kick,0.017063126,1,101,53.2,2.509658487,0.742948112,1.971569049,1.421254032,-0.06885742,2,2,0,0,0,1,0,0,0,0,1,0,0,0,1
255,5,Robert Pires ,David Seaman,Arsenal,Regular Play,0.10363385,1,107.8,45.8,1.465372314,0.584933298,1.440991333,1.035401606,-0.07019684,1,1,0,0,0,1,0,0,0,0,1,0,0,1,0
256,5,Robert Pires ,Brad Friedel,Arsenal,From Free Kick,0.041013766,0,96,31.1,2.776710512,0.440178666,1.153074163,0.381181083,-0.045539945,1,2,1,0,0,1,0,0,0,1,0,0,0,1,0
257,5,Robert Pires ,Brad Friedel,Arsenal,From Goal Kick,0.05957562,0,101.9,51.6,2.332068064,0.965362706,1.850632586,0.211554561,-0.043503106,1,1,0,0,0,1,0,0,0,1,0,0,0,1,0
258,5,Robert Pires ,Brad Friedel,Arsenal,From Free Kick,0.03448093,0,99.1,26.1,2.72281111,0.614868232,1.905694955,0.14981439,-0.04590638,1,2,1,0,0,1,0,0,0,1,0,0,0,1,0
259,5,Robert Pires ,Brad Friedel,Arsenal,Regular Play,0.3669983,1,112.3,37.4,0.881610506,0.677053409,1.057379503,3.195968009,-0.069032609,1,2,0,1,0,1,0,1,0,0,0,0,0,1,0
260,5,Robert Pires ,Richard Wright,Arsenal,From Throw In,0.0466182,0,98.4,44.7,2.39794544,0.62250664,0.695693101,1.501342471,-0.078026344,2,3,1,0,0,1,0,0,0,1,0,0,0,1,0
261,5,Robert Pires ,Richard Wright,Arsenal,Regular Play,0.10321892,0,107.9,37.8,1.334098935,0.59136133,0.583996064,0.061540878,-0.076587876,1,2,0,0,0,1,0,0,0,1,0,1,0,0,0
262,5,Robert Pires ,Richard Wright,Arsenal,From Goal Kick,0.47650558,1,114.4,43.6,0.722171295,0.639728955,1.855170125,3.13902856,-0.085079556,1,1,1,1,0,1,0,0,0,1,0,0,0,1,0
263,5,Robert Pires ,Michael Oakes,Arsenal,From Corner,0.024352182,0,100.7,27.7,2.48264602,0.440178666,1.842383113,1.511256675,-0.070177149,2,1,0,0,0,1,0,0,0,1,0,0,0,1,0
264,5,Robert Pires ,Dean Kiely,Arsenal,From Throw In,0.6542711,1,115.3,37.5,0.577484416,0.393707768,1.587335533,3.079722817,-0.079159576,0,1,0,1,0,1,0,0,0,1,0,0,0,1,0
265,5,Robert Pires ,Dean Kiely,Arsenal,Regular Play,0.03936229,0,100.3,28.2,2.491045072,0.58006553,1.752352433,1.250646585,-0.064752863,1,1,1,0,0,1,0,0,0,1,0,0,0,1,0
266,6,Fredrik Ljungberg,Thomas Sorensen,Arsenal,From Goal Kick,0.2720138,1,112.5,35.8,0.932466373,0.674956181,1.657588934,1.417358838,0.002552183,1,1,0,0,0,1,0,0,0,1,0,0,0,1,0
267,6,Fredrik Ljungberg,Mark Schwarzer,Arsenal,Regular Play,0.10561987,0,102,43.2,1.983213898,0.544774642,0.571287459,0.291436771,-0.049325253,0,1,0,0,0,1,0,0,0,1,0,0,0,1,0
268,6,Fredrik Ljungberg,Mark Schwarzer,Arsenal,From Corner,0.015299054,1,98.5,50.1,2.576795647,0.308967463,1.426014947,1.426164018,-0.02373,5,3,0,0,0,1,0,1,0,0,0,0,0,1,0
269,6,Fredrik Ljungberg,Mark Schwarzer,Arsenal,From Free Kick,0.120782256,1,108.2,50.3,1.699087228,0.660089041,2.330187596,0.975823574,-0.072367718,1,1,0,1,0,1,0,0,0,1,0,0,0,1,0
270,6,Fredrik Ljungberg,Edwin van der Sar,Arsenal,From Corner,0.30881238,1,108.1,34.3,1.43132986,2.467529878,1.450464342,0.236739685,-0.01880689,0,1,0,0,0,1,0,1,0,0,0,0,0,0,1
271,6,Fredrik Ljungberg,Edwin van der Sar,Arsenal,From Counter,0.085569486,0,110.6,51.2,1.586149784,0.885175378,2.833244515,0.90924665,-0.061097183,1,2,0,0,0,1,0,0,0,1,0,0,0,0,1
272,6,Fredrik Ljungberg,Edwin van der Sar,Arsenal,Regular Play,0.021402987,1,92.3,44.5,3.044224358,0.554234735,0.522933179,0.573140999,-0.032462605,1,1,0,0,0,1,0,0,0,1,0,0,0,1,0
273,6,Fredrik Ljungberg,Edwin van der Sar,Arsenal,Regular Play,0.10035475,0,104.1,45.7,1.832277429,0.590561652,1.117700553,0.87480475,-0.058026334,1,1,0,0,0,1,0,0,0,1,0,0,0,0,1
274,6,Fredrik Ljungberg,Edwin van der Sar,Arsenal,From Throw In,0.042297415,0,106.9,24.9,2.168522605,0.525343648,2.780142522,0.941771907,-0.07177344,1,2,0,0,0,1,0,0,0,1,0,0,0,1,0
275,6,Fredrik Ljungberg,Kasey Keller,Arsenal,Regular Play,0.028559837,0,98.2,29.8,2.610866183,0.462174818,1.421017019,1.334481914,0.664820198,1,2,0,1,0,1,0,0,0,1,0,0,0,1,0
276,6,Fredrik Ljungberg,Roy Carroll,Arsenal,From Free Kick,0.17367294,0,103.1,42.7,1.856521708,1.762056163,0.514414622,0.141726126,-0.081352111,0,2,1,0,0,1,0,0,0,1,0,0,0,1,0
277,6,Fredrik Ljungberg,Roy Carroll,Arsenal,Regular Play,0.21148604,0,114.1,52.5,1.499426674,1.581120239,3.668529757,0.059948139,-0.050695082,0,1,0,0,0,1,0,0,0,1,0,0,0,1,0
278,6,Fredrik Ljungberg,Roy Carroll,Arsenal,Regular Play,0.1231656,0,100.5,45.1,2.186464236,1.826583005,0.830627122,0.364499142,-0.057230669,0,1,1,0,0,1,0,0,0,1,0,0,0,0,1
279,6,Fredrik Ljungberg,Ian Walker,Arsenal,Regular Play,0.053545356,0,106.4,53,2.040879856,1.374887165,2.477009493,0.911279036,-0.062140162,0,1,1,0,0,1,0,0,0,1,0,0,0,1,0
280,6,Fredrik Ljungberg,Ian Walker,Arsenal,From Corner,0.07210817,1,100.8,35.1,2.149528199,2.117504783,0.811359102,0.531429246,-0.085370864,1,2,1,0,0,1,0,0,0,1,0,0,0,1,0
281,6,Fredrik Ljungberg,Ian Walker,Arsenal,Regular Play,0.011057602,1,106.3,59.7,2.602966828,0.85032075,3.127388487,1.029538284,-0.047362304,2,2,0,0,0,1,0,0,0,1,0,0,0,1,0
282,6,Fredrik Ljungberg,Danny Coyne,Arsenal,From Throw In,0.16899672,1,102.5,36.1,1.944929287,1.079964897,0.7119967,0.354050036,-0.043939154,0,1,1,0,0,1,0,0,0,1,0,0,0,0,1
283,6,Fredrik Ljungberg,Jussi Jaaskelainen,Arsenal,From Throw In,0.012882071,0,86.9,46.6,3.661294098,0.399664351,0.639069548,0.520915783,-0.041026826,1,2,0,0,0,1,0,0,0,1,0,0,0,1,0
284,6,Fredrik Ljungberg,Jussi Jaaskelainen,Arsenal,Regular Play,0.070109926,0,108.9,45.3,1.334319429,0.936539389,1.446463031,1.906804975,-0.078146709,0,1,0,0,0,1,0,0,0,1,0,1,0,0,0
285,6,Fredrik Ljungberg,Jussi Jaaskelainen,Arsenal,From Counter,0.35730493,1,106.5,45.6,1.585444836,1.48398674,1.276785618,0.805080115,-0.048121411,0,1,0,0,0,1,0,0,0,1,0,0,0,0,1
286,6,Fredrik Ljungberg,Antti Mikko Niemi,Arsenal,From Throw In,0.110069826,1,112.8,52.2,1.536711679,1.147845528,3.369286891,1.055608506,-0.042420574,0,1,0,0,0,1,0,0,0,1,0,0,0,1,0
287,6,Fredrik Ljungberg,Mark Schwarzer,Arsenal,Regular Play,0.06425695,0,104.7,52.9,2.170908935,1.014998286,2.27455748,0.68045594,-0.061457083,0,1,0,0,0,1,0,0,0,1,0,0,0,1,0
288,6,Fredrik Ljungberg,Mark Schwarzer,Arsenal,From Corner,0.014030159,1,98.1,52.8,2.751678867,0.564374016,1.717456479,0.043767182,-0.048873953,3,2,0,0,0,1,0,1,0,0,0,0,0,1,0
289,6,Fredrik Ljungberg,Brad Friedel,Arsenal,Regular Play,0.05762819,0,99.6,46.6,2.325878611,1.488438392,1.01601073,0.940618276,-0.056821336,1,2,0,0,0,1,0,0,0,1,0,0,0,1,0
290,6,Fredrik Ljungberg,Brad Friedel,Arsenal,From Counter,0.16160503,1,102.7,45.3,1.962756472,1.954323638,0.965287308,0.104267861,-0.045625704,0,2,0,0,0,1,0,0,0,1,0,0,0,1,0
291,6,Fredrik Ljungberg,Brad Friedel,Arsenal,From Corner,0.01646572,0,106,56.5,2.347357509,1.176713869,2.815798377,0.325171028,-0.025811435,3,3,0,0,0,1,0,0,0,1,0,0,0,1,0
292,6,Fredrik Ljungberg,Maik Taylor,Arsenal,Regular Play,0.63323927,1,109.3,41.2,1.167987685,1.647858334,0.362641549,0.100918924,-0.061565054,0,1,0,1,0,1,0,0,0,1,0,0,0,1,0
293,6,Fredrik Ljungberg,Maik Taylor,Arsenal,Regular Play,0.063105404,0,115.8,51.1,1.287415613,2.414874924,3.92591982,0.043441053,-0.083086789,1,2,0,0,0,1,0,0,0,1,0,0,0,1,0
294,6,Fredrik Ljungberg,Jerzy Dudek,Arsenal,Regular Play,0.10286597,0,110.4,52.4,1.701129089,1.417201251,2.961292058,0.619266782,-0.05086741,0,1,1,0,0,1,0,0,0,1,0,0,0,1,0
295,6,Fredrik Ljungberg,Jerzy Dudek,Arsenal,From Free Kick,0.033816308,0,117.9,24.7,1.675268944,0.9957259,4.657570132,0.04921375,-0.070517371,1,1,0,0,0,1,0,0,0,1,0,0,0,1,0
296,6,Fredrik Ljungberg,David Seaman,Arsenal,Regular Play,0.0494476,0,107.4,55.4,2.158460305,0.886775576,2.873869777,0.258657202,-0.04173033,0,1,0,0,0,1,0,0,0,1,0,0,0,1,0
297,6,Fredrik Ljungberg,David Seaman,Arsenal,From Free Kick,0.13328499,1,114.7,48.3,1.068270992,2.109007,3.255213774,0.086991043,-0.083497087,0,1,0,0,0,1,0,0,0,0,1,0,0,1,0
298,6,Fredrik Ljungberg,David Seaman,Arsenal,From Keeper,0.46520737,1,108.1,37.2,1.326136735,3.665176875,0.750366495,0.246973174,-0.055564772,1,1,0,1,0,1,0,0,0,1,0,0,0,1,0
299,6,Fredrik Ljungberg,Michael Oakes,Arsenal,From Throw In,0.061366677,0,107.9,42.7,1.344860629,0.536910602,0.71287318,4.12691983,-0.074947691,0,1,0,0,0,1,0,0,0,1,0,1,0,0,0
300,6,Fredrik Ljungberg,Dean Kiely,Arsenal,Regular Play,0.012752354,0,99.7,58.4,2.972070386,0.343721791,2.390950406,0.721749578,-0.051816334,0,1,0,0,0,1,0,0,0,1,0,0,0,0,1
301,6,Fredrik Ljungberg,Shay Given,Arsenal,From Throw In,0.08593942,0,103,39.4,1.845268609,0.618699224,0.114554756,1.320527649,-0.059069815,4,1,0,0,0,1,0,0,0,1,0,0,0,0,1
302,6,Fredrik Ljungberg,Shay Given,Arsenal,From Counter,0.26450235,1,106.9,26.5,2.040591543,4.578394902,2.59906352,0.161469608,-0.065914535,0,1,0,0,0,1,0,0,1,0,0,0,0,0,1
303,6,Fredrik Ljungberg,Tim Howard,Arsenal,From Throw In,0.032979507,0,106.4,45.1,1.575617143,1.056518263,1.164951806,0.563115085,-0.083062511,0,1,0,0,0,1,0,0,0,1,0,1,0,0,0
304,6,Fredrik Ljungberg,Edwin van der Sar,Arsenal,From Goal Kick,0.046621114,0,99.2,52.8,2.649343614,1.174704108,1.79125977,0.716638627,-0.064600826,1,1,0,0,0,1,0,0,0,1,0,0,0,0,1
305,6,Fredrik Ljungberg,Dean Kiely,Arsenal,Regular Play,0.10951795,0,107.3,51.4,1.85128513,0.848094776,2.375255835,0.210481818,-0.058387605,1,1,0,0,0,1,0,0,0,1,0,0,0,0,1