,id,player.name,shot.statsbomb_xg,.pred_1,.pred_lower_1,.pred_upper_1,goal
1,b69245a8-00da-4bac-8766-7b1d7548acbc,Dennis Bergkamp,0.18677612,0.318437251,0.130329762,0.592937069,1
2,86c1c1ba-71a9-401e-a11e-c43716c2f543,Thierry Henry,0.031963106,0.010315518,0.003187976,0.032853308,0
3,83491870-daa3-4174-b59a-f96d63c9881d,Gilberto Aparecido da Silva,0.101165496,0.195497977,0.095747406,0.358023817,0
4,35853d1e-c9c3-44b1-8a5e-0fc5000c5111,"Sulzeer Jeremiah ""Sol"" Campbell",0.03724119,0.006841636,0.000755505,0.05905818,0
5,09719618-3f33-445d-99c8-fb8cf218038b,Dennis Bergkamp,0.011366472,0.024888117,0.004979222,0.115185569,0
6,d77af37c-91b4-4c9c-843e-7889f84bd380,Dennis Bergkamp,0.23466155,0.147215326,0.059614345,0.319770282,0
7,825e8cb8-199a-43c9-b4fd-84ae9bfe5c19,Eduardo Cesar Daude Gaspar,0.040604666,0.063439389,0.018826845,0.192975086,0
8,0de7bda3-e2a2-4192-a5e0-5d73eae7ec18,Thierry Henry,0.36041838,0.353616365,0.104282011,0.719940317,1
9,8c5f124e-e4c5-4c48-bf7d-dda75e3c9932,Thierry Henry,0.019422866,0.01110339,0.003702119,0.032813936,0
10,84db8232-9c12-4980-a6cc-734d1213aa02,Kolo Habib Toure,0.7232792,0.281760631,0.071948803,0.664996783,1
11,6bff8118-c819-4898-ad9f-993ae31c00d5,Ashley Cole,0.1392026,0.189925787,0.084287571,0.37390111,0
12,d5fa0f1f-ec1c-4e42-aa37-e7d4f826c25f,Patrick Vieira,0.8369535,0.90494995,0.702072405,0.974661519,1
13,df38b5ec-4b1d-45a2-bdac-390515164272,Robert Pires ,0.16856258,0.380560365,0.17525364,0.639801041,1
14,0c923b8d-f940-4e98-a5d6-1c824d8b276a,Thierry Henry,0.115363106,0.13177887,0.048139097,0.312959799,0
15,f5fc2996-d411-4ca2-b317-20533eb63e9e,Thierry Henry,0.013027268,0.007508595,0.002206792,0.025225923,0
16,ecc6fe1b-9bd7-45f9-a0d2-9a744226c0f9,Thierry Henry,0.33621103,0.355204727,0.191517914,0.561610334,0
17,a515de61-9014-41f7-9c5b-6e96bf406afa,Robert Pires ,0.36621675,0.267374732,0.141992079,0.445931172,0
18,d462671d-f93e-4b19-9dd1-b0832d54cf37,Thierry Henry,0.021714319,0.007874157,0.00238414,0.025680732,0
19,bed657b0-11fd-4ac5-b1aa-1c6923d8c5e2,Thierry Henry,0.13790265,0.260158466,0.142044516,0.42754405,0
20,62f4c16f-a4d0-42a5-bdd1-81cf2e70a694,Thierry Henry,0.059341166,0.190557888,0.082008374,0.38286353,0
21,5f6f0387-6ccd-4aed-aba7-bfc581cdffd3,Eduardo Cesar Daude Gaspar,0.05423032,0.119019048,0.032574505,0.351512735,1
22,1b1a1c57-4ebc-4244-a01d-69ba2a70392e,Laureano Bisan-Etame Mayer,0.07300029,0.083600673,0.031262711,0.205016014,0
23,d967aab2-98df-44e1-86c4-4ad283d17f3e,Eduardo Cesar Daude Gaspar,0.028387174,0.135812005,0.039804322,0.373349069,0
24,436bf03d-43bb-4ecd-b654-10891f3ba8b7,Robert Pires ,0.010445771,0.003126928,0.000411815,0.023325189,0
25,11257756-de20-4892-af0d-c41b17d307be,Thierry Henry,0.05302447,0.062206264,0.0126896,0.255033006,0
26,04aa5d8e-c02d-4589-9f5b-20d4432cb9bc,Robert Pires ,0.025819095,0.03273701,0.00919171,0.109905251,0
27,b8c8e6c6-3ce9-4c94-9bc9-2073025fcd7c,Gilberto Aparecido da Silva,0.030991022,0.062226243,0.013894049,0.238093466,0
28,1880c25d-6141-47a1-8fc6-bc0469c2487a,Robert Pires ,0.018532068,0.020612781,0.005381587,0.075672218,0
29,162449ed-12d0-4377-9c49-ef9bef23ed5b,Robert Pires ,0.04494997,0.065163448,0.01534389,0.237692725,0
30,9cbd1c78-6827-483d-9b75-cdac841969fe,Thierry Henry,0.24950899,0.495512735,0.269975808,0.722890743,0
31,0eadc4dc-91b4-4621-b292-7da9c81049ba,Nwankwo Christian Kanu,0.0707688,0.015347544,0.002882582,0.077523233,0
32,556d966d-3a1d-41f3-9fcd-348e266e229c,Thierry Henry,0.80951947,0.999999969,2.22E-16,1,1
33,5f7d0890-6055-4344-988b-09caa38280ed,Thierry Henry,0.03316599,0.006867236,0.001067684,0.04281903,0
34,3ef35fba-81a3-41d3-8066-715ee9cbbb0a,Dennis Bergkamp,0.07816828,0.139916792,0.065115347,0.275339261,0
35,846f60cd-e4eb-46d9-8586-5fb5790bf5bc,Robert Pires ,0.017633846,0.003120554,0.000322663,0.029464587,0
36,c56e1570-1e4d-4d45-97dc-db2af95f71a9,Robert Pires ,0.015169147,0.007292914,0.002053322,0.02556026,0
37,bb0b96be-b6e0-4604-b9a8-6f4c9c43b22e,Thierry Henry,0.09682565,0.078018201,0.026542028,0.207997012,0
38,a80546e9-5730-401c-a63c-8e36f6b1c979,Thierry Henry,0.07899955,0.535923933,0.195114097,0.846187098,1
39,52c7499b-6f86-4acc-a8fa-d1d458becece,Thierry Henry,0.023477051,0.013098475,0.003011646,0.055101702,0
40,4d40279a-3236-4fcb-bebe-e6739e4ffe0c,Patrick Vieira,0.00762029,0.003088123,0.000624617,0.015120756,0
41,8004a83a-ef2e-4651-b302-ddedc70b1dc5,Thierry Henry,0.03707128,0.031149368,0.009424995,0.09799421,0
42,b5ede6e0-d806-4277-9e81-3b5128767561,Thierry Henry,0.76,0.999999953,2.22E-16,1,1
43,9dbe04c2-9373-440b-8952-903c8ccdb723,Fredrik Ljungberg,0.2720138,0.529209829,0.315180006,0.733011756,0
44,90adbe5d-c0f1-4565-ba11-3cf99723e4b4,Ashley Cole,0.043520596,0.004467518,0.000515379,0.037586602,0
45,9376ad5f-4f07-4a03-beed-0c1dc511b56d,Robert Pires ,0.087567896,0.088931959,0.044724371,0.169101198,0
46,59a946d6-fcbe-4bba-b511-8e76e5d92877,Ray Parlour,0.028320346,0.010651728,0.002852871,0.038937711,0
47,9c8a398d-e8e3-4a14-9bd1-2905bc5732d5,Kolo Habib Toure,0.026164522,0.018611157,0.004504233,0.073632012,0
48,94d2cc0b-3d5d-4971-82fb-1d2c1e95cd9d,Thierry Henry,0.04555448,0.034401934,0.011414445,0.0990456,0
49,d837b84a-75a2-41d2-9e83-a9f35c01e912,Jeremie Aliadiere,0.11270856,0.07760389,0.03511925,0.162811074,0
50,5d5d698c-0ab7-43f7-822b-b591e352188b,Thierry Henry,0.14639963,0.084954502,0.040807411,0.168473077,0
51,7c465bef-4a7f-4509-b010-899b162061bc,Patrick Vieira,0.08543226,0.010293697,0.000978517,0.099458122,0
52,39a8cfd5-487c-4e7d-89a8-0caf273a7109,Thierry Henry,0.016273933,0.012543465,0.002822456,0.053934375,0
53,4ff6084f-f41a-4a1a-83da-144f1b5ae808,Patrick Vieira,0.020727167,0.024992782,0.008377184,0.072165946,0
54,630f8a69-6315-42dd-ac47-35f302c94a45,Fredrik Ljungberg,0.10561987,0.158212275,0.066677922,0.330858665,0
55,a933912a-e460-45cf-86c5-1079077670cb,Robert Pires ,0.037148878,0.036855856,0.015428912,0.085456767,0
56,5c4c7bbe-ac00-41ed-b3a1-a95ecf1f411a,Gilberto Aparecido da Silva,0.035797488,0.048888446,0.013634581,0.160466265,0
57,7ab9f460-fe5b-4c5f-8f39-03e26c06a770,Thierry Henry,0.020778637,0.019174561,0.004667217,0.075361528,0
58,37568605-ac30-4e21-af5a-7473ce48b54e,Laureano Bisan-Etame Mayer,0.016708564,0.009752606,0.002690476,0.034706751,0
59,b050fbcd-df4c-44f2-8372-212c96f90832,Thierry Henry,0.015619854,0.011540441,0.001724607,0.073131634,0
60,3a05b919-0986-43b1-a40c-9dc7240769cd,Thierry Henry,0.09890298,0.034734162,0.004483673,0.223299543,0
61,445398c3-590c-4c6a-ba0b-2e9056ed7463,Fredrik Ljungberg,0.015299054,0.007932241,0.000929207,0.064316424,0
62,4c2b7c21-9237-48f3-b9a0-e940cde8dd8e,Robert Pires ,0.35496974,0.312974138,0.149791349,0.540842722,1
63,5a9e9eae-30b0-4990-b4cc-ea4f843b93d1,Fredrik Ljungberg,0.120782256,0.156537262,0.073540663,0.302607536,1
64,1b6bf336-6d2d-4f20-98d1-1e3a467e2624,Thierry Henry,0.02107927,0.004051377,0.000544558,0.029475222,0
65,1c5c4c2a-6a4b-4823-a0f1-f90cd6a0e0ae,Eduardo Cesar Daude Gaspar,0.021527342,0.007901948,0.001629064,0.037423825,0
66,df3855f1-c216-4927-b380-7ed78c2c9f5b,Eduardo Cesar Daude Gaspar,0.07634717,0.033784073,0.012989039,0.085004076,0
67,c20f6636-2944-44a3-8d13-f44f89395ef6,Thierry Henry,0.018222738,0.011328754,0.002515802,0.049482346,0
68,caebacc1-0635-4ffd-8445-cb1ec605be1c,Thierry Henry,0.027817061,0.129761466,0.035145199,0.379034257,0
69,ae857f1a-4448-46d5-acd9-2a10e36adf85,Kolo Habib Toure,0.3446383,0.522615382,0.149225786,0.872331545,0
70,d611da1e-49e8-4c3e-8b34-8d1f314b57a1,Fredrik Ljungberg,0.30881238,0.45754171,0.196468431,0.744221794,0
71,b6a573f1-cc44-4fe4-9f50-f8496fca40c4,Fredrik Ljungberg,0.085569486,0.067650509,0.021673983,0.192014173,0
72,ab591bbe-0e4c-4405-afb3-e7ed876a8077,Thierry Henry,0.04262787,0.030088403,0.008970719,0.096098045,0
73,77fd6eac-13cc-4af0-95d7-3319cd594d5d,Eduardo Cesar Daude Gaspar,0.020786682,0.020277056,0.007070396,0.056742469,0
74,6a4f4ebe-9a3d-4ead-9b3c-4c09d8ab938d,Robert Pires ,0.07579835,0.086467446,0.033906937,0.203354102,0
75,25c44985-3242-4e94-a609-fac722a82e47,Thierry Henry,0.16416815,0.399634387,0.202551595,0.635629592,0
76,cc1f3a85-82e7-48f4-864a-59ee6fcbf41d,Dennis Bergkamp,0.049654372,0.044585384,0.012279702,0.149055694,0
77,7c2a77ee-03c2-4a64-a0df-594a9221ebdd,Thierry Henry,0.014147292,0.01078773,0.003165725,0.036096449,0
78,4c3814fc-6f75-48de-acd1-b9cff8c0dea4,Thierry Henry,0.17735319,0.181894376,0.046794126,0.501735654,0
79,34869c7a-80fc-42ad-9c14-01bbd653e125,Gilberto Aparecido da Silva,0.014159448,0.011606012,0.002822324,0.046452992,0
80,843492c7-5460-4c94-8bd2-fabdd9aff2f6,Fredrik Ljungberg,0.021402987,0.039237228,0.012688501,0.114872017,0
81,632c4d0e-2ba8-47ed-836a-0322150259fc,Thierry Henry,0.17158334,0.07040986,0.013083773,0.302038693,0
82,34aabef8-59fa-47d0-baa0-83dcfa176298,Dennis Bergkamp,0.16146144,0.317104294,0.146696769,0.556390189,0
83,dd051e6a-5cf8-46f9-a0ae-5a82ffd370f9,Dennis Bergkamp,0.10973931,0.103412584,0.043480996,0.226398252,0
84,9ff56c40-e002-44ae-8b75-d793165b8a53,Fredrik Ljungberg,0.10035475,0.153044604,0.058715826,0.343597905,0
85,f2dccafe-c0b5-458f-ad55-51f0381cecfd,"Sulzeer Jeremiah ""Sol"" Campbell",0.051722765,0.02281691,0.003335867,0.140075497,0
86,2b28f69d-d0b3-4597-8c0f-52a6d35ba59d,Dennis Bergkamp,0.10463004,0.085121218,0.016937772,0.334410411,0
87,514103e2-763c-4457-8f5a-22055a437d9c,Thierry Henry,0.0724678,0.039584334,0.015604647,0.096790416,0
88,f50eed56-f174-42b9-861b-6f81d25900b7,Thierry Henry,0.029236661,0.049465238,0.015854129,0.143912761,0
89,5e6ee4e8-b1d6-417f-8aea-e7a44521883d,Thierry Henry,0.03885754,0.050126642,0.012041867,0.185986743,0
90,70d9354c-4ee4-4722-8bb0-b8ed3f6345ea,Fredrik Ljungberg,0.042297415,0.022943015,0.007790559,0.065617632,0
91,1cf05ae7-1022-45b0-867a-ea0b7bed8aa8,Nwankwo Christian Kanu,0.071593925,0.082105648,0.028348625,0.215221729,0
92,f0c23322-ca8d-43be-9131-93d2e0bbf6e7,Nwankwo Christian Kanu,0.055744126,0.042394013,0.008528808,0.185560636,0
93,c18a7e93-1940-4770-8be4-8ae9cb9c76a9,Thierry Henry,0.01825377,0.00974331,0.002712857,0.034365566,0
94,3bec5c0a-563d-44ae-bcfd-be5daa91467c,Thierry Henry,0.062478572,0.05266289,0.020472907,0.128810135,0
95,e54ba1c9-87ec-4aa7-b624-5d2e15be40c2,Thierry Henry,0.026026275,0.027898347,0.006373367,0.113794746,0
96,822f013c-ec33-4e47-a534-26732f985a83,Thierry Henry,0.13558367,0.287781696,0.067255179,0.693657182,0
97,f0d5ea6a-c670-4550-94e4-f80123b9488f,Gilberto Aparecido da Silva,0.013533142,0.002083762,0.000206731,0.02065146,0
98,92a49b5a-b2bd-4560-91cf-7fca89bd3e5a,Ray Parlour,0.010894905,0.034692178,0.006935344,0.156078494,0
99,8e0f33b3-73a7-4513-a89f-0acb450ef8b9,Ray Parlour,0.09245038,0.060049327,0.019311069,0.171683132,0
100,d624c054-ec79-4bc7-87a2-e1b3062198fe,Nwankwo Christian Kanu,0.025991991,0.019096123,0.004760351,0.07341917,0
101,1b2bb954-226e-4350-abdb-1c87a878bfc7,Gilberto Aparecido da Silva,0.13794717,0.040637063,0.007265998,0.196878262,0
102,1c9945ce-bec9-4193-94a7-c94489b28d4f,Thierry Henry,0.021549962,0.015279386,0.003385676,0.06618056,0
103,88422a6b-231a-42cf-9691-abc35d9bbcef,Thierry Henry,0.48423856,0.394891862,0.186392029,0.650226749,0
104,84adfc01-5d85-42e3-a549-3065967f589f,Robert Pires ,0.7586793,0.75213823,0.47593256,0.910229638,1
105,f906318a-d657-442e-a766-f17a349b86bd,Thierry Henry,0.020514661,0.023532311,0.007109704,0.075022943,0
106,8f0f54e2-8436-474b-9a46-c8af87e3affc,Fredrik Ljungberg,0.028559837,0.023955502,0.008378335,0.066550366,1
107,ca3afe30-5af4-4c52-bcca-d6bb945769a1,Ray Parlour,0.048389938,0.055447241,0.01845954,0.154855227,0
108,c4ae6a44-a7ef-47c1-8f61-56d81e99c0d6,Gilberto Aparecido da Silva,0.01823994,0.016494899,0.004588825,0.057507567,0
109,a523adc2-2e1d-4174-8b26-101ae996539b,Thierry Henry,0.4160687,0.763903352,0.488605405,0.916367581,0
110,a0f1ba1e-8b2f-4cab-951c-421d7c5c8543,Gilberto Aparecido da Silva,0.08117414,0.145870286,0.036362998,0.43596173,0
111,708b456d-6730-435c-86eb-353db30e6d43,Laureano Bisan-Etame Mayer,0.032129373,0.010400188,0.003484473,0.030619935,0
112,27091222-084f-445f-aecf-0f29db4e2f08,Robert Pires ,0.017599475,0.005310745,0.001534025,0.018215989,0
113,92a17b63-6318-45f8-b8f8-e65457fad888,Dennis Bergkamp,0.077609465,0.117930111,0.035339475,0.327925536,0
114,08e6eaf1-6ac7-4d45-8a5b-07ab47e7ed8c,Ashley Cole,0.0445101,0.031210075,0.004687679,0.180569395,0
115,f21c088d-5ec7-41f4-9c2e-ed47c84292ef,Robert Pires ,0.13221711,0.139055303,0.055522848,0.307362225,0
116,c2109347-1a7d-4fb5-b71f-27dc8b521141,Eduardo Cesar Daude Gaspar,0.010191088,0.008782034,0.00217936,0.034692919,0
117,a655e73a-6d80-4258-926d-adf20d27472c,Thierry Henry,0.022629596,0.02367902,0.006222178,0.085880053,0
118,ef756883-4f72-426c-a37e-312e4ad1afe2,Jose Antonio Reyes Calderón,0.3967671,0.224522577,0.062264971,0.558003487,0
119,c4f8a9f6-2e65-447b-ae73-3a384ddda82f,Thierry Henry,0.31695434,0.710167656,0.452146651,0.879149206,0
120,43029c1a-6a92-4613-8eb4-e54f60cbf62a,Thierry Henry,0.016802229,0.006286983,0.00159998,0.024369033,1
121,4ff1d175-3054-44d1-be4d-44d528235432,Thierry Henry,0.11207606,0.035923612,0.006807709,0.168445737,0
122,6a915ff1-1e1b-4078-86da-57cf08116d47,Fredrik Ljungberg,0.17367294,0.152567228,0.050233145,0.379971108,0
123,943226e8-8104-4c1c-9247-398cee3a39a3,Fredrik Ljungberg,0.21148604,0.106871501,0.0424524,0.244121503,0
124,1ddd7e83-f67b-47a6-9ab6-dc897ef7bb87,Jose Antonio Reyes Calderón,0.22699374,0.194143297,0.099084236,0.345432509,0
125,3a264d00-46d4-4ebb-ab51-28b8b0f20a24,Thierry Henry,0.025816444,0.026523638,0.008099107,0.083340222,0
126,2664a2ec-8c4a-482b-bb6c-7b6e52bc8234,"Sulzeer Jeremiah ""Sol"" Campbell",0.047381524,0.005010019,0.000280747,0.08280661,0
127,fec4c7e0-11c8-4537-9f6f-e04a5d567070,Thierry Henry,0.062416315,0.08656121,0.021048711,0.294612454,0
128,ad01ad2a-9cfd-476c-897a-d1383eb981f1,Thierry Henry,0.033653863,0.009114391,0.001770018,0.045542578,0
129,d48a79c8-53b3-4a29-8750-243204fe668a,Eduardo Cesar Daude Gaspar,0.03570219,0.019919443,0.004301075,0.087280859,0
130,5014d5bf-1940-40a8-b32e-e82ea0c4d46d,Robert Pires ,0.017411776,0.010632436,0.003311499,0.033592721,0
131,77e2e91f-bb79-46d3-a03b-ba3f03593295,Robert Pires ,0.027159378,0.016541975,0.004246712,0.062210997,0
132,4c14e2ff-ecc6-4ba1-9981-a71be09979fe,Thierry Henry,0.021567002,0.01355345,0.004124408,0.043595116,1
133,de978686-92af-4dc3-a3e0-a76554261e40,Eduardo Cesar Daude Gaspar,0.06685441,0.028344391,0.004441258,0.160194966,0
134,53abd301-012f-47f0-9765-778f4f71cbdd,Thierry Henry,0.015859466,0.008990832,0.002478538,0.032063997,0
135,31056e44-fa6c-4b78-8e6b-052648884823,Fredrik Ljungberg,0.1231656,0.143442874,0.047634149,0.359261944,0
136,417c309d-d6c7-4523-8b17-46c60809cf96,Thierry Henry,0.06536072,0.047040136,0.012893905,0.157211983,0
137,a8306ca6-57fb-4488-9503-ec134bc31466,Gilberto Aparecido da Silva,0.11518312,0.018779563,0.003143286,0.104077565,0
138,022415ca-9219-4890-80f4-c5794e2dd8e6,Dennis Bergkamp,0.013829867,0.005113752,0.001424566,0.01818283,0
139,af685cb9-3ead-45fa-a6d5-0c8f472dccd3,Laureano Bisan-Etame Mayer,0.1922588,0.26398124,0.0938975,0.553838847,0
140,758538d6-e850-4d1d-90eb-764d274ba138,Thierry Henry,0.23742968,0.05502822,0.008271285,0.289059105,0
141,1980f297-792e-452a-b478-fd6cb56a34ea,Ray Parlour,0.020705672,0.007536532,0.001242146,0.044311631,0
142,5bb34e9c-7989-43cd-8b24-17fc8ab45fd5,Thierry Henry,0.03000872,0.018790195,0.005714139,0.059983883,0
143,b3d7c013-e867-4836-84a8-5a669d431afa,Kolo Habib Toure,0.04434648,0.179518149,0.048834101,0.482514302,0
144,24875a96-6f46-4457-839c-53e58b17820b,Eduardo Cesar Daude Gaspar,0.18918699,0.062644805,0.012170175,0.266072596,0
145,eba5b752-72e6-466e-8c6f-0cddfa3d48a5,Ray Parlour,0.038339127,0.030927584,0.010336691,0.088853337,0
146,c7645c4f-c286-4ea1-8461-7a5a6c824678,Kolo Habib Toure,0.1329887,0.056110069,0.010402432,0.251593827,0
147,4a0b5118-c92e-40f3-a620-8040ace4cc6d,Ray Parlour,0.021037357,0.006230343,0.00151295,0.025284155,0
148,7a38faf4-702b-45e4-b6b5-e8d193891bbc,Gilberto Aparecido da Silva,0.041250654,0.019324439,0.003787162,0.092675308,0
149,eda0be88-2411-4dc3-8185-813ce56dfe2c,Thierry Henry,0.08391718,0.050905153,0.01764945,0.138018559,0
150,28dc9373-5044-4c22-82d2-bb02c5bdf47c,Robert Pires ,0.048773024,0.033766625,0.014054896,0.078911063,1
151,a4729683-793f-4c79-add2-2323e21a1bd9,Sylvain Wiltord,0.022054601,0.013354711,0.004541492,0.038607551,0
152,8b2ac2dc-93cd-4bfc-9769-f85cbb11395f,Thierry Henry,0.02915747,0.026386982,0.005937246,0.109512418,0
153,095d8b43-5130-4849-b76e-fbd71dc4899a,Gilberto Aparecido da Silva,0.012197965,0.006483711,0.001560707,0.026523047,0
154,d57626dc-08f0-4777-a05e-b6667744a8d3,Thierry Henry,0.011760994,0.003385648,0.000854286,0.013317785,0
155,e63b47a6-bc51-4dae-9a66-27c253121270,Fredrik Ljungberg,0.053545356,0.079052006,0.029446103,0.195401042,0
156,e73cc30b-eba5-4177-870c-5fde2a3865c4,Thierry Henry,0.014514488,0.009890846,0.002178779,0.043705105,0
157,f770ea04-9d02-4d91-b514-9c6d0ab997b3,Dennis Bergkamp,0.054044664,0.065105049,0.024192602,0.163605032,0
158,834797db-061e-4c6b-9d02-15a3eb85f2af,Dennis Bergkamp,0.083505765,0.06722524,0.022670794,0.182950521,0
159,4cb781c1-b56b-474b-89fe-e9ea93f957bf,Robert Pires ,0.026071616,0.023223266,0.006295157,0.081919551,0
160,4b04c262-6e1b-4604-b9f6-46ea4352c525,Thierry Henry,0.034550298,0.027675985,0.011321331,0.066077368,0
161,7fae7324-590b-4bf4-876e-e30151388794,Fredrik Ljungberg,0.07210817,0.12629214,0.033127922,0.378808921,0
162,6e29e2db-81c8-4493-9012-a3a6adcbcaba,Thierry Henry,0.039256465,0.03800764,0.015620072,0.089562914,0
163,a507db21-0afd-4664-9d54-f2b3b983e7ed,Robert Pires ,0.04233155,0.050322683,0.018217152,0.131435444,0
164,fa1ebedf-9cb1-4c2c-8c16-e12af36b05d4,Ashley Cole,0.10561759,0.066498268,0.01072388,0.31885617,0
165,0249af77-2723-47a9-91f3-426079b87544,Gilberto Aparecido da Silva,0.019895516,0.012257015,0.002893078,0.050397062,0
166,341c119e-a3b7-4a0e-b2a1-42054abb85a8,Gilberto Aparecido da Silva,0.0133168,0.004349107,0.001160056,0.016163149,0
167,91d0b055-a20f-4de3-a83f-14d915aeb41f,Kolo Habib Toure,0.026812715,0.051023532,0.010258097,0.218092488,0
168,9bf1b030-46d5-4564-803c-176b59268e0a,Fredrik Ljungberg,0.011057602,0.012937897,0.003063417,0.052950781,0
169,d6d4ee81-d296-4c6a-a45e-5c3064379d17,Patrick Vieira,0.60270625,0.736985288,0.444853374,0.907392373,1
170,7e5a4b23-f5f6-4d08-bd39-86dcdece17cd,Thierry Henry,0.030913258,0.064458691,0.019628228,0.191663326,0
171,91226ad6-fc4d-4eb9-852b-deee86bd09a6,Patrick Vieira,0.01492144,0.003127327,0.000627786,0.01542522,0
172,d8f2a2ec-36ce-4d06-8c6d-8b6ab89fe7f8,Fredrik Ljungberg,0.16899672,0.230316588,0.071105889,0.539113843,0
173,4ea87970-7be8-42f4-8b06-3d1ff1f11a95,Kolo Habib Toure,0.24766652,0.376171443,0.136914587,0.696248188,0
174,16caf708-8e95-4a50-9986-f73d011f64ba,Eduardo Cesar Daude Gaspar,0.16984391,0.21326606,0.066493632,0.507784955,0
175,0040b591-9c7b-40aa-95d5-8fdc269c71e2,Thierry Henry,0.020981507,0.071316431,0.018334056,0.239979512,0
176,f3c8dc6a-36ec-45e1-a13f-4554003f917d,"Sulzeer Jeremiah ""Sol"" Campbell",0.035099592,0.072444449,0.014023799,0.30014891,0
177,5ef6d89b-a9f1-437e-9537-aece8974c04e,Thierry Henry,0.02902376,0.007743697,0.000890392,0.063969226,0
178,c8cfc078-6385-4290-aaa5-e222d8461cc1,Patrick Vieira,0.2837439,0.285369003,0.103693011,0.579539137,1
179,c63b083a-39de-4760-917a-1163950b49f6,Eduardo Cesar Daude Gaspar,0.017667737,0.048844807,0.010737388,0.195473295,0
180,0923e2b2-1711-4f0c-bb52-768d4dceb48a,Eduardo Cesar Daude Gaspar,0.1898611,0.358165687,0.167331505,0.607779912,1
181,ed07e531-2206-417f-989f-9b346d6b3e03,Dennis Bergkamp,0.08652462,0.002637159,7.47E-05,0.085603386,0
182,61ffd2d7-b560-4070-9b56-487482f65fe4,Robert Pires ,0.01795536,0.01264555,0.004329463,0.036352084,0
183,c30211fd-d589-4081-b57d-c9f942072f44,Kolo Habib Toure,0.035453092,0.031361694,0.004907763,0.175289876,0
184,f76362e9-c554-4692-b089-1c6922cf433e,Gilberto Aparecido da Silva,0.0739615,0.046205182,0.020695063,0.099951341,0
185,9ebaba51-e866-450c-9c07-78fc6d662f09,Gilberto Aparecido da Silva,0.18137228,0.174386415,0.082973629,0.330241485,0
186,ccae910d-8f0a-4c4f-9e5d-a97e4c9c6391,Patrick Vieira,0.08822397,0.017051981,0.002621825,0.102723772,0
187,6e247f96-0bce-4eba-94de-94655502c295,Thierry Henry,0.01142557,0.005467237,0.000465466,0.06093977,0
188,a70df1cc-3eea-4dff-a331-1afc0f49b5df,Fredrik Ljungberg,0.012882071,0.004695291,0.001226498,0.01779972,0
189,32970ec5-948c-47b3-a1d8-54b520327597,Dennis Bergkamp,0.21116275,0.171617067,0.076472146,0.341381152,0
190,d860245d-ec01-44f7-bb4a-efa503ab0200,Fredrik Ljungberg,0.070109926,0.032159973,0.006985325,0.135667031,0
191,76429521-9399-448c-972d-8ea829ac1966,Gilberto Aparecido da Silva,0.036043156,0.022896154,0.006655256,0.075747696,0
192,3d2e4938-77d5-4f6b-b3e2-16244c25af1b,Fredrik Ljungberg,0.35730493,0.394862478,0.206640587,0.62045007,0
193,c9024447-4ac5-4693-88af-e9c48fa99a1d,Robert Pires ,0.35244408,0.331568363,0.128182974,0.62595927,1
194,04b9ca1c-35a6-412a-b507-9bb7d6a9b393,Thierry Henry,0.02556449,0.010094575,0.00270593,0.036911491,0
195,4c074d89-99f0-46d2-a3ea-60421806daae,Ray Parlour,0.016823834,0.016175816,0.00581974,0.044142034,0
196,69b33a6c-e6cc-4e6e-809d-b20fe90b648c,Thierry Henry,0.021060819,0.016487359,0.003365488,0.076826901,0
197,d4fddb9f-22a0-4846-84df-a162e453b511,Thierry Henry,0.76,0.999999918,2.22E-16,1,1
198,5f8504b2-f4fc-4289-a861-fc4d4b3b21ab,Patrick Vieira,0.019594813,0.013342914,0.004006633,0.043484817,0
199,8d86ea8d-ae89-4cf4-8d1b-c4a61d91fab2,Dennis Bergkamp,0.059171405,0.211788002,0.083845863,0.440986801,0
200,9596047d-4015-41ff-9ca9-e55fb61a5e20,Thierry Henry,0.029715339,0.014543944,0.004960782,0.041860895,0
201,edf14a7e-ca10-4606-931b-a65364ad35d1,Ray Parlour,0.040514223,0.044557591,0.014854966,0.126051684,0
202,67285083-a648-45d0-9467-fff6f731eac7,Dennis Bergkamp,0.18028641,0.206186953,0.068688273,0.47773628,0
203,698f550b-7a29-44d9-8a7d-cc8654b9f171,Dennis Bergkamp,0.17819732,0.104521569,0.028779368,0.314959384,0
204,3c0a4128-2f0b-4d0c-9a29-84729a69297f,Eduardo Cesar Daude Gaspar,0.039753594,0.080525514,0.013674711,0.356171871,0
205,816a04dd-5aba-468d-8561-7f343b418e31,Patrick Vieira,0.06505188,0.015446364,0.002235443,0.098985201,0
206,336541a1-3b73-40f4-a2ac-67ba5d9f5e8c,Thierry Henry,0.08435909,0.24225057,0.065924568,0.59152801,0
207,4327c943-f6d6-402c-abcc-4dfaad5f7b93,Thierry Henry,0.09463678,0.045878998,0.00855467,0.211337909,0
208,a0904222-a113-46cd-bf37-c86b4bb5d95e,Ray Parlour,0.04769755,0.031324729,0.007793458,0.117492113,0
209,a9c60f72-5d64-4428-aa5b-49f9a64e4a52,Kolo Habib Toure,0.4232646,0.563096973,0.27702888,0.812559655,0
210,ad8c9137-8423-4b76-964a-f14dc5ac4f94,"Sulzeer Jeremiah ""Sol"" Campbell",0.16293365,0.026671167,0.004845948,0.133596914,0
211,00b1554a-d1a1-49b7-8725-19cde9047bb1,Thierry Henry,0.1409315,0.037250691,0.006004653,0.198603208,0
212,b5c060db-645c-406a-b878-07b25b66fd62,Thierry Henry,0.011963927,0.012938631,0.004013715,0.040894198,0
213,46803f6f-0040-478c-9f59-68327f00c606,Kolo Habib Toure,0.036280803,0.024248238,0.008758849,0.06532432,0
214,a4fb418b-c18f-4317-9f7c-92830742ec5b,Ray Parlour,0.014829985,0.006039496,0.001415555,0.025383695,0
215,d20f2789-8862-4d96-bcc2-b5bade34b3b8,Thierry Henry,0.030282678,0.017574183,0.005486905,0.054821113,0
216,74fe0721-cae8-4375-b351-64ace0790156,Dennis Bergkamp,0.11373226,0.048039092,0.005135387,0.330357989,0
217,14abfcd3-1126-4245-9436-d57399b32ae5,Robert Pires ,0.04548274,0.028739658,0.009551004,0.083239748,0
218,b6e80562-240a-473c-b4b8-7acda05da890,Thierry Henry,0.010373374,0.013457325,0.004532196,0.039265195,0
219,0a4abd5e-6f89-49fc-a89f-ec4c6b205a67,Robert Pires ,0.3242853,0.193436132,0.087575372,0.374709396,1
220,d05805e5-5dfc-42f7-b169-5ebfadd3b7bd,Thierry Henry,0.030690491,0.028395818,0.011018539,0.071205542,0
221,9608c871-07eb-4276-9ced-48a9dbe5c5c9,Thierry Henry,0.030810686,0.06097012,0.018022822,0.186791037,0
222,5cc48850-79e4-4755-b75b-7476e0884c65,Fredrik Ljungberg,0.110069826,0.177789315,0.077063396,0.358964174,0
223,6cb2f844-aa35-472c-92b3-cb551a8f4f5b,Thierry Henry,0.009911504,0.002811715,0.000483144,0.016181436,0
224,ead0441b-f7a7-4172-96b0-2d80fe1bef6c,Thierry Henry,0.021994784,0.014851494,0.003709796,0.057523247,0
225,1076dfab-c569-4973-8fd7-85e6bbfca88c,Eduardo Cesar Daude Gaspar,0.013832978,0.009750788,0.002670918,0.034939978,0
226,cdad03ac-145f-47fd-b1e8-8fa6f9fb8ac5,Thierry Henry,0.0327227,0.015932666,0.005461049,0.045563795,0
227,1f8b9f8d-11f9-49af-a83d-1de5c6d066e1,Thierry Henry,0.21526471,0.24345242,0.108743338,0.459080282,1
228,3344864c-e682-4572-b405-1070c0f93823,Robert Pires ,0.31957105,0.298379245,0.137327238,0.531860107,1
229,c356b104-7ecb-4e39-ba69-d6bd4ae8578c,Dennis Bergkamp,0.14835924,0.144969743,0.067907611,0.28293693,0
230,964e30ad-97a3-4e93-975c-e44de701a896,Thierry Henry,0.1910535,0.170715024,0.079491896,0.329186719,1
231,bd83127c-cc3f-44bf-b330-dc21a04230a6,Dennis Bergkamp,0.018269606,0.024347692,0.008839046,0.065275169,0
232,3dc886e0-7f12-441f-906e-2737f98c7d9e,Thierry Henry,0.25292137,0.107314227,0.051529484,0.210112028,0
233,28f85d5b-b265-4315-ad65-9c90ecd2b8fd,Gilberto Aparecido da Silva,0.0814242,0.193046214,0.062709814,0.461029551,1
234,186f797d-3a1c-46eb-96de-82d8112f9e99,Ray Parlour,0.2451209,0.680872584,0.420808895,0.862359043,0
235,516bcefd-3458-40d1-97f3-8bbc26609dbc,Thierry Henry,0.45147735,0.430749068,0.24548579,0.637664982,0
236,2f7c6d87-7d34-40d0-b8cf-b90abfe78449,Jeremie Aliadiere,0.35611,0.063969559,0.014642134,0.239143724,0
237,81fc2faa-81de-489c-9b2d-3120e47d2ea1,Laureano Bisan-Etame Mayer,0.07521509,0.175558081,0.08877472,0.317608229,0
238,2f8849a6-44d0-476b-9d61-da7b708a9e34,Eduardo Cesar Daude Gaspar,0.11824179,0.037484909,0.006478906,0.188693936,0
239,ad648866-892e-4bb7-94da-23ea3b0077e7,Gilberto Aparecido da Silva,0.05293875,0.152721328,0.06077583,0.334262788,0
240,ac04731f-b254-4ffd-b40d-74d7aef1151e,Fredrik Ljungberg,0.06425695,0.069034583,0.032635808,0.140147654,0
241,e14e6ac3-3efb-4420-9402-6fbeda984135,Thierry Henry,0.8797571,0.749644729,0.536205021,0.885782086,1
242,ad65ec20-c3ea-43e8-8234-f2b539464d5f,Fredrik Ljungberg,0.014030159,0.010079999,0.002031766,0.048460801,0
243,606c9258-9a5d-483e-bddb-cffa8d3f4c65,Gilberto Aparecido da Silva,0.12615536,0.088157692,0.017477362,0.344464173,1
244,9035fe21-7e52-4729-8963-0745a4b58d0d,"Sulzeer Jeremiah ""Sol"" Campbell",0.063093424,0.035789182,0.006369326,0.176905301,0
245,a555fc4e-131e-41c5-a05f-9e5d0d0acf05,Thierry Henry,0.016413992,0.015935462,0.004454026,0.05536734,0
246,865288e3-ca6f-4905-b854-90083f18076f,Laureano Bisan-Etame Mayer,0.02404583,0.019732802,0.006057854,0.062341274,0
247,eb0e5d8d-9ad1-4537-8863-efa77a611459,Sylvain Wiltord,0.33687192,0.314552054,0.076096946,0.718847709,1
248,cc8f4c00-f25c-4029-a632-d2d9b92cd3e2,Thierry Henry,0.30108938,0.140610427,0.058993088,0.299238181,0
249,b0d4ce7c-a6e7-4730-a852-be222d58ca12,Thierry Henry,0.018930528,0.010950907,0.003341089,0.03527967,0
250,9a7fc8b6-152c-4804-9363-30430c93ddb2,Thierry Henry,0.03591606,0.016593823,0.003228252,0.080809248,0
251,f46f9762-e11e-4c83-9c84-444446297b10,Thierry Henry,0.016555816,0.013704827,0.003416577,0.053316378,0
252,c09e4716-5b12-4f02-a8cd-26a6736e67ef,Sylvain Wiltord,0.90684265,0.960969383,0.835699733,0.991679013,1
253,6223d921-d27e-476a-bd39-c951abfc34d0,Dennis Bergkamp,0.22693571,0.220678,0.08871271,0.451655421,1
254,b0c5b48a-e0e5-41e0-8e68-3fa2bfdd4f7c,Dennis Bergkamp,0.016535418,0.012238248,0.002953568,0.04926754,0
255,2f6e13d4-287d-451c-8521-a42f8512d881,Robert Pires ,0.045735445,0.023868545,0.004459646,0.117755863,0
256,e5ccf00c-1f68-431f-a8e5-c96437f57f64,Patrick Vieira,0.10563295,0.347706103,0.145825567,0.624677299,0
257,24d6683e-d379-48fb-aebc-c33fcf79f834,Thierry Henry,0.011518389,0.01429126,0.003038912,0.064512233,0
258,833c7619-eb41-45d0-9cfa-322ad2614f7d,Robert Pires ,0.11785451,0.090845745,0.038104454,0.201309664,0
259,99c56191-f331-436a-8071-e061f45c4363,Fredrik Ljungberg,0.05762819,0.062403582,0.025424353,0.145157337,0
260,22e9cf97-22e1-4735-a689-b7286df957e8,Robert Pires ,0.15126315,0.025146803,0.005271021,0.111563818,0
261,40a9b19f-c907-4bdc-9d5a-c46cc49f1a8a,Thierry Henry,0.29637697,0.281835023,0.122963598,0.523459078,0
262,80dde59e-6fa1-4ca5-b37a-cadc89d63f92,Fredrik Ljungberg,0.16160503,0.183678319,0.066896188,0.413898892,0
263,20c1b61d-f9ba-4e01-887b-2e071d0244cd,Fredrik Ljungberg,0.01646572,0.006999878,0.001180683,0.040341563,0
264,e01de660-4e4a-4aea-ace3-ecf3ae7daf7c,Thierry Henry,0.21208495,0.02560506,0.004143339,0.142344542,0
265,04ca9d7d-692a-443d-9d4f-9ef7f0a4c439,Thierry Henry,0.065048434,0.106294087,0.010251152,0.57730673,0
266,e714d04b-8173-4da0-9ef0-6a1294b2e867,Thierry Henry,0.18637274,0.186959013,0.079019163,0.381299684,0
267,b06dc7e0-278d-49fa-8708-86078538eed9,Robert Pires ,0.56204,0.747890978,0.472309825,0.90768287,0
268,f13313f4-1772-4e4c-8145-66e120c5fd58,Thierry Henry,0.011821863,0.005189662,0.001352013,0.019705419,0
269,5a7f6fd8-2740-44ef-9f3d-ae9d25e19926,Robert Pires ,0.025536556,0.029020344,0.008841947,0.0910195,0
270,471d6503-f183-46c8-9a00-e67014e75f43,Thierry Henry,0.015248263,0.012444872,0.004078969,0.03732604,0
271,e4e871b0-1521-4fa8-bc69-a8cbe223b1a5,Robert Pires ,0.05061619,0.044037673,0.017911856,0.104225876,1
272,9a1b46a6-a34c-4ae4-bf05-15112ef6b439,Thierry Henry,0.021172326,0.006974153,0.001774976,0.026990744,0
273,8522290e-3caa-4604-acb4-75f6e869b8b2,Thierry Henry,0.091814615,0.184135396,0.063497437,0.428983064,0
274,98565f2c-0749-4864-8979-64dc63669c0b,Dennis Bergkamp,0.48371932,0.564074436,0.293586897,0.801143395,1
275,bff4eebc-8289-407f-8f0c-87efc0a3043d,Gilberto Aparecido da Silva,0.02823421,0.045651822,0.014975108,0.130824025,0
276,2a00fb28-6fb5-4cb1-a4d4-5ff434fffd22,Thierry Henry,0.03691512,0.048257908,0.013455722,0.158602253,0
277,5a60baa4-1fd0-41ca-bff4-4b9a855ac56a,Robert Pires ,0.06519085,0.103814267,0.034576697,0.272554233,0
278,3e547dfd-e1ba-4e4e-9204-4ad238d1a9cb,Dennis Bergkamp,0.029919766,0.020015344,0.006675091,0.058447535,0
279,d19e756e-0adb-4686-ae2f-b2693a14ed3d,Thierry Henry,0.1332327,0.174792693,0.082177643,0.33382236,0
280,d2714dce-4ee2-4462-8846-0e1276ce08d5,Thierry Henry,0.017968886,0.00564401,0.001582269,0.019924316,0
281,314c0b0d-81f0-4d7a-8276-570b43d48326,Gilberto Aparecido da Silva,0.027060853,0.020133759,0.006699391,0.058910463,0
282,64e459cc-54fd-4217-9092-adc88a713363,Thierry Henry,0.0568847,0.045703387,0.0170372,0.116867737,0
283,2f54e9df-594b-4508-a73d-ea380b69bad4,Thierry Henry,0.67490935,0.59742771,0.200029736,0.89803924,0
284,f4acf1a4-619f-4659-9902-c1b2df2027d4,Thierry Henry,0.012588938,0.010959291,0.003441897,0.034329711,0
285,fc299183-16a5-48bf-81e8-74b7e969a0b4,Jose Antonio Reyes Calderón,0.008343875,0.002171998,0.000377447,0.012392871,0
286,461c0ca9-d45e-4cd3-9ee2-35a762790cef,Jose Antonio Reyes Calderón,0.1294292,0.019345524,0.003704803,0.094738386,0
287,ba4b09d4-e8aa-4223-a337-5f2aa44ed16b,Thierry Henry,0.028548012,0.015085252,0.005536923,0.040430089,0
288,eac8a664-f5a2-4ada-9dcc-204a7f7e7144,Kolo Habib Toure,0.109583065,0.046788889,0.010824199,0.18045121,0
289,d7e93b06-47fe-4321-938f-7c8aca5ccd78,Thierry Henry,0.017209705,0.033264138,0.007342607,0.137976488,0
290,626d6124-baa8-46ff-9f51-a6d4ca4cd32d,Fredrik Ljungberg,0.63323927,0.652498891,0.41540591,0.832262099,1
291,9dede6d9-097e-4122-9337-047151c880f4,Dennis Bergkamp,0.057945207,0.162909644,0.055942094,0.389931009,0
292,12353579-c12a-4e0b-ab28-15bcc5d61a33,Thierry Henry,0.15224703,0.126473821,0.053721242,0.269674071,0
293,98c65469-6ade-4e04-96a1-2733d7b6bb52,Fredrik Ljungberg,0.063105404,0.088601975,0.024235032,0.275632869,0
294,95851ea0-761a-4bbe-9d66-9fa9eb07d69e,Dennis Bergkamp,0.42512512,0.581658761,0.071208131,0.961854326,1
295,4c596607-620a-4acc-ab5b-5463f700cf9d,Robert Pires ,0.3149496,0.446250126,0.211444605,0.707768891,1
296,1b27eed1-8f52-4f5b-878d-b7601272a4be,Fredrik Ljungberg,0.10286597,0.100874356,0.037277267,0.245323336,0
297,63728126-6b8d-42eb-ba0c-e108eb15b894,Thierry Henry,0.02481899,0.009661447,0.001143488,0.076754832,0
298,fc998bc9-a12e-4ef5-a980-62fb43da03a2,Thierry Henry,0.31033337,0.185809601,0.072123577,0.401210008,1
299,adbdac0e-1e13-436c-a710-08315dd2324f,Thierry Henry,0.019125048,0.011489323,0.003231217,0.040005817,0
300,35dbf82f-c759-4089-bc0f-23024d9f1bbe,Laureano Bisan-Etame Mayer,0.045333747,0.070347465,0.01033722,0.354088634,0
301,c85be440-9873-4b92-a8c5-bbbe58221bf3,Thierry Henry,0.11584262,0.24293978,0.077279985,0.551475087,0
302,720494ad-9a1d-49e3-9283-f5a84fa9f3b1,Robert Pires ,0.17595726,0.260553751,0.09746825,0.534816652,1
303,bcdf8a07-d4a1-4b87-8736-fdf316e5bff5,Thierry Henry,0.23815484,0.153827399,0.06634241,0.317452496,1
304,1c339897-41c4-4359-b414-446c5b7e6bd3,Thierry Henry,0.01528529,0.010944163,0.003019312,0.038858808,0
305,43f07dc7-e048-4282-b9a1-a6d8cc64aa08,Thierry Henry,0.15411635,0.069544225,0.01577202,0.258495443,0
306,96d8a610-3e02-43de-bf47-de63596d55d0,Thierry Henry,0.3064395,0.534232257,0.234281659,0.811315011,0
307,a4271b4f-afe1-4719-928b-a3ffc31fef16,Thierry Henry,0.29256076,0.999999897,2.22E-16,1,1
308,08bacbab-f9c7-4fb7-8cb4-c18e5116192b,Dennis Bergkamp,0.033679344,0.022578569,0.007837161,0.06327954,0
309,61b4a06c-9b6d-4ce1-b1b4-2500cfe314d1,Fredrik Ljungberg,0.033816308,0.03264302,0.008477128,0.117532939,0
310,201ccfed-0d24-4642-ab15-8da167dbae0c,Dennis Bergkamp,0.047206126,0.025221864,0.003744597,0.151188756,0
311,c370ea42-8bd3-4bb3-888d-50955927106d,Sylvain Wiltord,0.17805704,0.33013074,0.07581238,0.747526959,0
312,019d9224-c746-49d0-8878-e01d5275866a,Robert Pires ,0.22699352,0.135869947,0.059449755,0.281159639,1
313,c45a86df-6173-42ac-9c26-d9f875abf9dc,Thierry Henry,0.022239976,0.053679224,0.015773251,0.167204524,0
314,3a22f5d3-21ed-47ab-b617-7799a025e15a,Thierry Henry,0.4597988,0.374112905,0.157416116,0.656639847,1
315,64f50d44-f164-4728-988a-aea875a17888,Patrick Vieira,0.065781906,0.049548143,0.011413899,0.190534391,0
316,c44d6eb3-28dd-4fcf-a98d-3c7a12de5162,Thierry Henry,0.015691493,0.001141433,8.55E-05,0.015050658,0
317,e75235a3-0d42-416f-9e8f-232d65ecb927,Thierry Henry,0.2958964,0.153456506,0.066824664,0.314542365,1
318,d0f8b787-da30-405e-94f7-2c21afbed650,Sylvain Wiltord,0.26719236,0.219800187,0.088160964,0.450818757,0
319,3b64a3bf-0b2d-4cba-966e-9ed3ea26f584,Dennis Bergkamp,0.018011613,0.008504719,0.001406869,0.049632398,0
320,1097cf15-94c6-4ef2-92c0-46973b26cc80,Thierry Henry,0.35838363,0.378571664,0.2074412,0.586420744,1
321,d9cd3e1f-d988-4a72-a7d2-60b8e43dfd43,Thierry Henry,0.0889227,0.057656068,0.006517543,0.363309017,0
322,fec547f5-4803-4b10-a02f-ea287ca351c9,Jose Antonio Reyes Calderón,0.06621136,0.02712204,0.007170687,0.097152952,0
323,ccb33ef8-b2ec-465a-b94e-f1f7d5ce8542,"Sulzeer Jeremiah ""Sol"" Campbell",0.10517349,0.046596906,0.008930254,0.2095455,0
324,1bd0080e-d234-4ad5-b4bf-03350e4df87d,Thierry Henry,0.31565174,0.210852535,0.074089327,0.47151036,0
325,28588886-15b0-40eb-9d5f-09923d2e637d,Jose Antonio Reyes Calderón,0.034700844,0.024870377,0.003579574,0.153311573,0
326,8160172b-e630-44b5-a472-c53176575e8d,Jose Antonio Reyes Calderón,0.42755347,0.356125329,0.139611753,0.653413017,0
327,a8834be7-dfb1-494a-930b-7b88379c45de,Thierry Henry,0.016447304,0.006686132,0.000537029,0.077765618,0
328,dbb2db32-90dd-44cd-a2c0-b9a8e2514e2a,Robert Pires ,0.011902801,0.014737185,0.004648568,0.045715151,0
329,3b24413b-7d1c-4648-949e-42884020c858,Fredrik Ljungberg,0.0494476,0.044746664,0.01846377,0.104461106,0
330,f3f75731-aac4-4633-a83e-8834c79e4f7d,Sylvain Wiltord,0.017476873,0.002638117,0.000287443,0.023755557,0
331,b5ae0143-9ed0-4fc5-948b-1e167bfb6241,Sylvain Wiltord,0.014798124,0.024203592,0.005806926,0.095295507,0
332,f45da691-730c-4e4c-8fdd-36bf7ca02ede,Sylvain Wiltord,0.34743246,0.563799596,0.320896393,0.779516253,1
333,ed33bb0b-7e44-4ad6-bce6-c7941576babc,Robert Pires ,0.017063126,0.00713124,0.000837318,0.057989342,0
334,9dd95ef4-038e-47b1-be78-79173899ee99,Fredrik Ljungberg,0.13328499,0.1193419,0.019557061,0.479340284,0
335,46154c50-c61b-40ca-910b-a0c21fc027b7,Robert Pires ,0.10363385,0.092778365,0.018679734,0.354598388,0
336,c974ee3e-8941-4178-8747-0073e2cec474,Fredrik Ljungberg,0.46520737,0.687416267,0.371817775,0.890957762,1
337,12ef0df2-92fb-4044-b457-42426e98ed09,Thierry Henry,0.029281856,0.082661102,0.032893528,0.192721435,0
338,0e5f970b-3d6f-4b41-ac8a-9b10323972c3,Dennis Bergkamp,0.017185526,0.016078171,0.005505949,0.046011383,0
339,91535739-f6d7-4c69-ad7d-0a1687f4da3e,Jose Antonio Reyes Calderón,0.031587742,0.046859545,0.016118868,0.128565686,0
340,ec7532c4-02f7-405f-9cf4-91263368c35e,Jose Antonio Reyes Calderón,0.043996442,0.059068157,0.009654224,0.287880798,0
341,04cfffcd-d8f1-4d8d-aca8-b38645dc7138,Thierry Henry,0.023227867,0.024778032,0.005217815,0.10958664,0
342,7f9bfbdf-7fd5-4522-9da5-d5b1ddff7187,Thierry Henry,0.017431114,0.006218175,0.00166255,0.022969662,0
343,49b8e6a9-d7b8-4862-a835-ad8ea426052a,Kolo Habib Toure,0.05128316,0.011451549,0.001613481,0.076669841,0
344,99ddb186-7f5e-4bd1-8923-a5ce2494e998,Thierry Henry,0.04504806,0.135299785,0.038649731,0.378485648,0
345,81a001d8-ca39-47f6-83af-3a973b61591c,Thierry Henry,0.072366334,0.046961892,0.015869623,0.130870347,0
346,81ac908f-cdd8-453c-b716-45107d387ef5,Dennis Bergkamp,0.08153632,0.099464489,0.019186133,0.384099707,0
347,3af255f1-2d6c-4202-bf49-8be7713c8e0f,Dennis Bergkamp,0.011425021,0.002133899,0.000373566,0.012089035,0
348,bdbc5eec-768b-46bb-b4ac-6987535f1bc5,Thierry Henry,0.01691799,0.008776662,0.001198999,0.061305594,0
349,c6cefdaf-5637-4686-9f14-6004c9b43e2b,Thierry Henry,0.10752118,0.108507619,0.041605532,0.254429355,0
350,9cc78145-676f-4771-b235-17f98c867a19,Thierry Henry,0.020433325,0.18450604,0.05785443,0.454626704,0
351,c7333623-e2bc-413d-9aca-394c7f810efc,Thierry Henry,0.010005835,0.005935888,0.001584252,0.021977514,0
352,b4bdc016-7685-4f53-b93a-b9c4a63a8ac9,Robert Pires ,0.041013766,0.013361954,0.003882758,0.044939201,0
353,362ab7b2-8fe6-44f7-a69a-450db2c413d9,Thierry Henry,0.14107776,0.08421636,0.01751115,0.321795927,0
354,118d75dd-2269-4493-b9e7-a5d7c1a07cbf,Thierry Henry,0.040865168,0.02860532,0.007566818,0.102119505,0
355,fce604a9-fdc8-4b5d-96e0-528758e83354,Robert Pires ,0.05957562,0.047090185,0.021762822,0.0989129,0
356,60d05afe-6b38-4f8b-812c-3168458270c6,Thierry Henry,0.054794405,0.15031315,0.041670685,0.418508154,1
357,070271c0-6d52-49eb-8025-9d121c0fe198,Robert Pires ,0.03448093,0.009959724,0.002781671,0.035010311,0
358,9b327d60-7694-43db-8d3e-ac950b1b761b,Thierry Henry,0.101212285,0.095989708,0.027504584,0.285021699,0
359,f04c425b-c83a-4c0f-9398-d8bed3a6dbda,Robert Pires ,0.3669983,0.571885208,0.269448546,0.82871054,1
360,52e9cf2c-e406-48f0-b950-26acbfbf18a8,Sylvain Wiltord,0.022911126,0.018493257,0.004793237,0.068649569,0
361,d66902a9-dd0f-45e0-b5f5-b0f17dd918a2,Thierry Henry,0.077934556,0.006908324,0.001284071,0.036272215,0
362,a1741656-7d2f-4645-8248-45c687377743,Thierry Henry,0.12726969,0.451472372,0.190361192,0.742349858,0
363,a8fa1718-12e8-43e6-b0ba-1789041226b3,Kolo Habib Toure,0.043405376,0.01241588,0.001868279,0.07786587,0
364,d5319fa8-a92c-4d05-ad0f-1f6a3b4cc452,Robert Pires ,0.0466182,0.021946313,0.004399218,0.102292197,0
365,0bb948e8-5328-4534-8972-09ee8569f3e9,Thierry Henry,0.76,0.999999936,2.22E-16,1,1
366,c7fd87ae-6dd0-4fa7-8897-3ad1b1890d42,Robert Pires ,0.10321892,0.012767462,0.002184371,0.070977443,0
367,5934fc95-0259-46fa-a819-66b2cf7bf54d,Martin Keown,0.05097726,0.007829174,0.000977504,0.059830397,0
368,5505fb18-a72a-45e1-940b-b2f13a29d00a,Patrick Vieira,0.22358908,0.017259628,0.001894449,0.139792013,0
369,db602a8d-3bd3-421d-a8bb-a8e87d5df17d,Patrick Vieira,0.019308934,0.030466365,0.007165693,0.120349496,0
370,f1435858-0f87-44fc-ad33-2545e8037ed5,Thierry Henry,0.027396759,0.008205616,0.002203676,0.030061955,0
371,ef06edba-0406-4db1-81b0-0a40f80a8202,Patrick Vieira,0.42920002,0.41560234,0.191052062,0.681675627,0
372,41146265-569e-49e7-b555-b7ccc0ce400c,Robert Pires ,0.47650558,0.656790941,0.309344714,0.891023313,1
373,fa8dde0f-e3ef-4307-8e36-0d7c5c30483f,Fredrik Ljungberg,0.03677693,0.121074339,0.033731322,0.352155902,0
374,203178c3-fd5f-4f86-bb90-c4d089db6fbd,Thierry Henry,0.0986956,0.060692978,0.014682578,0.218859252,0
375,5123758e-5a69-4829-b873-d76d4f485e3b,Thierry Henry,0.04197913,0.062418564,0.010234227,0.300030814,0
376,175aaa78-8204-4334-bac0-85ced7c38a4d,Fredrik Ljungberg,0.061366677,0.069500599,0.01246245,0.306554368,0
377,1159553a-2a93-4659-b7a7-7b5eb61682d1,Thierry Henry,0.39980355,0.546298886,0.321628377,0.753571809,1
378,ae0078d6-3699-43d6-8b2b-e5d82466b3b9,Dennis Bergkamp,0.030258251,0.023126984,0.008754451,0.05967496,0
379,036ff28e-e895-4c56-b38a-5176eb0f6e33,Thierry Henry,0.021094149,0.010101712,0.000827286,0.111722846,0
380,357a5314-8dbd-4dde-b93b-831281efb3ad,Ray Parlour,0.018474579,0.011729594,0.003309263,0.040700316,0
381,405e32fe-fcab-4728-900a-828b3a0badc0,Dennis Bergkamp,0.09502931,0.080688984,0.029198293,0.203910105,0
382,d86a64b4-a253-4886-b21b-63bf4c41cfe2,Robert Pires ,0.024352182,0.034695238,0.012220593,0.094546343,0
383,233f37a1-752a-4fa5-82c2-dac05567453a,Dennis Bergkamp,0.06961256,0.089249506,0.031954679,0.225358842,0
384,245d6b6e-36cb-4844-b158-701dc401d63c,"Sulzeer Jeremiah ""Sol"" Campbell",0.05926802,0.224631497,0.044303729,0.64419463,0
385,1ed24250-1b32-4800-a1f3-222e1df68911,"Sulzeer Jeremiah ""Sol"" Campbell",0.063088514,0.285667098,0.104940608,0.576995487,0
386,5963cbcd-7edf-4a2b-a957-453863f1784d,Dennis Bergkamp,0.052453496,0.070979968,0.024748984,0.187010298,0
387,bc2de9e7-2136-485c-a875-b9bba8723020,Jeremie Aliadiere,0.051890623,0.111443347,0.033534708,0.311932601,0
388,5fdf27ea-bbfb-46fb-a29f-bf2fa5b757cd,Eduardo Cesar Daude Gaspar,0.026706755,0.019750292,0.006470495,0.058675428,0
389,34c37f82-f3e6-4360-b8c2-2ffd94d2e9ec,Thierry Henry,0.1411635,0.087965216,0.034173844,0.208176861,1
390,2d783340-51e9-4b31-a904-3a3e3d6a2754,Thierry Henry,0.061214156,0.071849575,0.017215202,0.254901187,0
391,ff13be67-505a-4293-b5cd-5a0974c0337a,Fredrik Ljungberg,0.012752354,0.013663489,0.003822683,0.047626498,0
392,c2cd15ad-b248-4ce2-94cd-b96d36c5e908,Ashley Cole,0.03691522,0.014508103,0.002962864,0.067973996,0
393,14ebe667-610e-43e9-8c00-d29399fea65d,Thierry Henry,0.032203477,0.044568467,0.014149295,0.131651719,0
394,fc9c2301-e282-4c64-aca6-4f255364a6fa,Thierry Henry,0.07138596,0.133932345,0.017578302,0.572020333,1
395,7726960f-2b41-4cda-86aa-9ad391abcd36,Thierry Henry,0.051719114,0.071031169,0.017893983,0.24293079,0
396,b0b36df6-76f0-4e0c-9420-47cb2c0ca36c,Dennis Bergkamp,0.013291143,0.004585786,0.000873615,0.023697605,0
397,92bcbfa6-3b43-402b-aa12-77230d32dfd3,Ray Parlour,0.009004557,0.002800342,0.000604481,0.012870239,0
398,e48e851a-2821-4262-8419-72744b25ef7a,Thierry Henry,0.02488646,0.015022418,0.005227387,0.042389197,0
399,e5291188-129b-4bb3-9234-9265f7c53031,Nwankwo Christian Kanu,0.089410804,0.108112052,0.028576811,0.333104306,0
400,3346674f-6b28-4ac4-be14-72003a377a5f,Thierry Henry,0.016610796,0.025444902,0.006059132,0.100577877,0
401,b79c2dbf-a17a-4983-a2c0-c94daac79327,Thierry Henry,0.09334736,0.281049728,0.097123467,0.58687985,0
402,0e95451a-e6d5-46c4-bc96-244e2712bc5c,Ray Parlour,0.014193849,0.011235567,0.003851933,0.032313514,0
403,a06c2d27-ce7b-4537-8f02-3e3489799a36,Thierry Henry,0.02679691,0.031893766,4.67E-07,0.999570261,0
404,b867376c-d32a-45a6-b416-9a23961162af,Thierry Henry,0.029262168,0.028496031,0.011736372,0.067552714,0
405,3a40b059-7cfb-4ee6-94cd-e74ee4593bbe,Sylvain Wiltord,0.17958675,0.377370692,0.175275212,0.633496324,0
406,56db31ff-ea95-48ff-a7b1-e8fceeea0fe1,Fredrik Ljungberg,0.08593942,0.155825139,0.030001735,0.524178303,0
407,4f3a8b4b-d339-4f8a-9018-3b8f409473f5,Thierry Henry,0.39777723,0.725128728,0.218853065,0.961300312,1
408,4e9f1063-b69b-4d07-94de-b733f0fd1a40,Thierry Henry,0.026539246,0.037916161,0.011748744,0.115550508,0
409,c0d3c145-7aa7-4967-955e-e2ba4f96d5fd,Fredrik Ljungberg,0.26450235,0.41570408,0.037760374,0.92805142,0
410,ad530760-ab0b-4b9b-9222-812fb0b50e0d,Eduardo Cesar Daude Gaspar,0.034299284,0.037492635,0.009812474,0.132785132,0
411,3194fb3a-9bed-47da-a263-1a5e943527da,Thierry Henry,0.022162363,0.029082974,0.007863275,0.101696192,0
412,fa9e6a21-4769-4dbe-9344-adc4cf872e60,Gilberto Aparecido da Silva,0.21590783,0.147469428,0.03474855,0.453899903,1
413,7b1e3f3f-3a55-441a-8d70-16425dce5d36,Thierry Henry,0.10264165,0.032333895,0.005916755,0.157956854,0
414,91f6d388-9da4-48b1-93c1-d1440452412e,Sylvain Wiltord,0.01162514,0.00103781,7.40E-05,0.014377404,0
415,808ae6f2-92e1-4ed0-a5e1-815f4a832983,Fredrik Ljungberg,0.032979507,0.018219248,0.003647663,0.085977898,0
416,1f556508-4d41-4d53-bf78-e36b4b0ea6d9,Ashley Cole,0.07767515,0.055390954,0.020745519,0.139644182,0
417,380f2b24-2f3e-4bad-bbbb-f425301a6bde,Dennis Bergkamp,0.03262175,0.060772723,0.019176145,0.176374401,0
418,f54ca8a5-4bc8-41ea-a9b0-3e5ae5ff0311,Gilberto Aparecido da Silva,0.016117211,0.009482677,0.002253182,0.039001774,0
419,94380338-6981-484c-a08a-29c7f78ff09d,Thierry Henry,0.04347104,0.002353897,0.0003462,0.015820464,0
420,f9ac4fe0-0978-48c7-9f2c-2612508cd0ce,Thierry Henry,0.017038329,0.003634292,0.000548416,0.023672763,0
421,80f23f3b-4a11-4cb8-bbd4-5de2b0d0a026,Eduardo Cesar Daude Gaspar,0.015504703,0.039757425,0.008925393,0.159911166,0
422,009e9981-8172-41bc-9fd3-7f62c0443844,Jose Antonio Reyes Calderón,0.05340362,0.147296285,0.048104455,0.37125151,0
423,b1640944-177e-4b33-85ce-e6e114531adb,Ashley Cole,0.055672225,0.005592371,0.000836054,0.036421065,0
424,4587c649-f37b-41a0-bab7-519a5c5686b7,Thierry Henry,0.020563982,0.006291679,0.001810407,0.021625063,0
425,77bcf23d-9fd1-4aac-87b9-a7ebc33b0a22,Fredrik Ljungberg,0.046621114,0.036113149,0.012805088,0.097650347,0
426,93273c26-9840-4efc-b28c-99f367414b57,Jose Antonio Reyes Calderón,0.02356755,0.023838698,0.008484762,0.065151279,0
427,7065d019-c113-4370-a5e0-7b07fe63c675,Gaël Clichy,0.104443416,0.072530592,0.027636663,0.177071388,0
428,be0d8bbe-6ba0-41a8-ba67-d5225605d977,Thierry Henry,0.055180646,0.251893054,0.074069715,0.586304608,0
429,793fe34a-46fb-477d-bb20-bfb4d8566e12,Thierry Henry,0.07717468,0.001336369,3.45E-07,0.838446075,0
430,96f75ebe-6709-4e23-8fac-a5ba191a0f9e,Robert Pires ,0.6542711,0.78712033,0.516666654,0.927480534,1
431,9b7117c6-3b53-4362-9c7f-30e946087534,Thierry Henry,0.28175247,0.503533013,0.17748994,0.826598784,1
432,055289ac-070d-459c-a52a-551278b70aca,Ashley Cole,0.022240577,0.010353209,0.002468029,0.042361162,0
433,dadcda05-3e3e-4786-ad29-d300db88efdb,Ashley Cole,0.058210675,0.077220833,0.029966834,0.184793523,0
434,7b8f6087-50b6-4370-b243-1fa7637c2df0,Dennis Bergkamp,0.077926315,0.056570013,0.023697726,0.129015336,0
435,03d0d539-c62f-4bb0-892f-bcf3060e32ef,Eduardo Cesar Daude Gaspar,0.010308976,0.004483108,0.001075929,0.018480301,0
436,2eae464d-d004-4b9d-ad4a-b7563eec7b63,Dennis Bergkamp,0.038181163,0.013489288,0.003882935,0.045769682,0
437,1026508e-c5fe-41a2-8dc7-031dde4f6cad,Dennis Bergkamp,0.01843161,0.023226835,0.002833252,0.165978693,0
438,39a9b5c7-81aa-4c5f-a836-4243bf2ccc3e,Eduardo Cesar Daude Gaspar,0.028465373,0.047176041,0.016832961,0.125247644,0
439,f2947cda-1641-4afa-a0ee-0975dcad4478,Fredrik Ljungberg,0.10951795,0.076972243,0.028842482,0.189726307,0
440,9f43cd40-af38-44a4-bbea-f0713428cdc2,Patrick Vieira,0.03590704,0.089476653,0.026558897,0.261418072,0
441,43650d86-f8d4-4b1b-9fe6-91ca765a6387,Robert Pires ,0.03936229,0.03633198,0.011701845,0.107181553,0
442,a55c1fe6-1fd7-4290-91d5-ab9d8c112445,Thierry Henry,0.07555854,0.197995808,0.062099565,0.479304048,0
443,6850c38c-01e1-49e3-bda5-82addb06e4c2,Dennis Bergkamp,0.016069802,0.013840747,0.002697307,0.06788751,0
444,52b14db2-5442-460c-996f-5aa8207c3b8f,Thierry Henry,0.023159137,0.018643365,0.006340086,0.053535497,0
445,0591d431-d510-4e06-8034-b23393df60b2,Eduardo Cesar Daude Gaspar,0.04743793,0.210629391,0.063027971,0.514196999,0
446,04ba3c91-0f67-4755-892e-0cd9534034c4,Thierry Henry,0.2055144,0.130663451,0.061403765,0.256679988,0
447,f0b277ff-3023-436b-8e88-5e79fdce9d6f,Patrick Vieira,0.37445217,0.030852514,0.004746891,0.175246656,0
448,40834687-01b7-4eb0-8fa8-ab11d77ea936,Thierry Henry,0.03776221,0.089097401,0.027477523,0.25296011,0
449,0cdcae7c-e6cd-4931-87e5-f1e901243d61,Jose Antonio Reyes Calderón,0.020930834,0.027429048,0.006730866,0.105045154,0
450,1e9789f3-ad1b-4b8f-a2b5-d51491045f6e,Gilberto Aparecido da Silva,0.043339178,0.005704423,0.000916299,0.034645281,0